Jurisdiction,Month,Year,Number
Alberta,January,1990,1
Alberta,October,1990,34
Alberta,November,1990,16
Alberta,December,1990,4
Alberta,February,1990,5
Alberta,March,1990,8
Alberta,April,1990,26
Alberta,May,1990,114
Alberta,June,1990,214
Alberta,July,1990,446
Alberta,August,1990,381
Alberta,September,1990,117
British Columbia,October,1990,60
British Columbia,November,1990,6
British Columbia,February,1990,3
British Columbia,March,1990,35
British Columbia,April,1990,147
British Columbia,May,1990,235
British Columbia,June,1990,95
British Columbia,July,1990,775
British Columbia,August,1990,1563
British Columbia,September,1990,336
Manitoba,October,1990,36
Manitoba,November,1990,13
Manitoba,December,1990,1
Manitoba,April,1990,39
Manitoba,May,1990,71
Manitoba,June,1990,85
Manitoba,July,1990,90
Manitoba,August,1990,176
Manitoba,September,1990,51
New Brunswick,October,1990,4
New Brunswick,March,1990,1
New Brunswick,April,1990,42
New Brunswick,May,1990,71
New Brunswick,June,1990,100
New Brunswick,July,1990,114
New Brunswick,August,1990,32
New Brunswick,September,1990,13
Newfoundland and Labrador,October,1990,3
Newfoundland and Labrador,March,1990,2
Newfoundland and Labrador,April,1990,5
Newfoundland and Labrador,May,1990,19
Newfoundland and Labrador,June,1990,36
Newfoundland and Labrador,July,1990,29
Newfoundland and Labrador,August,1990,30
Newfoundland and Labrador,September,1990,41
Nova Scotia,October,1990,9
Nova Scotia,November,1990,1
Nova Scotia,March,1990,34
Nova Scotia,April,1990,89
Nova Scotia,May,1990,134
Nova Scotia,June,1990,58
Nova Scotia,July,1990,74
Nova Scotia,August,1990,62
Nova Scotia,September,1990,36
Northwest Territories,May,1990,10
Northwest Territories,June,1990,98
Northwest Territories,July,1990,113
Northwest Territories,August,1990,13
Northwest Territories,September,1990,2
Ontario,October,1990,31
Ontario,November,1990,16
Ontario,March,1990,62
Ontario,April,1990,185
Ontario,May,1990,242
Ontario,June,1990,111
Ontario,July,1990,237
Ontario,August,1990,543
Ontario,September,1990,185
Prince Edward Island,April,1990,7
Prince Edward Island,August,1990,1
Prince Edward Island,December,1990,0
Prince Edward Island,February,1990,0
Prince Edward Island,January,1990,0
Prince Edward Island,July,1990,6
Prince Edward Island,June,1990,8
Prince Edward Island,March,1990,0
Prince Edward Island,May,1990,13
Prince Edward Island,November,1990,2
Prince Edward Island,October,1990,0
Prince Edward Island,September,1990,1
Prince Edward Island,Unspecified,1990,0
Quebec,October,1990,4
Quebec,March,1990,1
Quebec,April,1990,59
Quebec,May,1990,214
Quebec,June,1990,139
Quebec,July,1990,178
Quebec,August,1990,138
Quebec,September,1990,118
Saskatchewan,October,1990,10
Saskatchewan,March,1990,2
Saskatchewan,April,1990,18
Saskatchewan,May,1990,103
Saskatchewan,June,1990,275
Saskatchewan,July,1990,130
Saskatchewan,August,1990,314
Saskatchewan,September,1990,45
Yukon,October,1990,2
Yukon,April,1990,3
Yukon,May,1990,15
Yukon,June,1990,19
Yukon,July,1990,69
Yukon,August,1990,32
Yukon,September,1990,14
Alberta,January,1991,9
Alberta,October,1991,66
Alberta,November,1991,6
Alberta,December,1991,7
Alberta,February,1991,4
Alberta,March,1991,8
Alberta,April,1991,111
Alberta,May,1991,201
Alberta,June,1991,114
Alberta,July,1991,125
Alberta,August,1991,239
Alberta,September,1991,54
British Columbia,January,1991,2
British Columbia,October,1991,248
British Columbia,November,1991,5
British Columbia,February,1991,5
British Columbia,March,1991,25
British Columbia,April,1991,204
British Columbia,May,1991,193
British Columbia,June,1991,291
British Columbia,July,1991,296
British Columbia,August,1991,573
British Columbia,September,1991,172
Manitoba,January,1991,5
Manitoba,October,1991,6
Manitoba,February,1991,3
Manitoba,March,1991,12
Manitoba,April,1991,109
Manitoba,May,1991,75
Manitoba,June,1991,77
Manitoba,July,1991,142
Manitoba,August,1991,222
Manitoba,September,1991,21
New Brunswick,October,1991,7
New Brunswick,November,1991,1
New Brunswick,April,1991,91
New Brunswick,May,1991,154
New Brunswick,June,1991,150
New Brunswick,July,1991,141
New Brunswick,August,1991,92
New Brunswick,September,1991,20
Newfoundland and Labrador,April,1991,4
Newfoundland and Labrador,May,1991,29
Newfoundland and Labrador,June,1991,38
Newfoundland and Labrador,July,1991,12
Newfoundland and Labrador,August,1991,32
Nova Scotia,October,1991,1
Nova Scotia,March,1991,26
Nova Scotia,April,1991,208
Nova Scotia,May,1991,174
Nova Scotia,June,1991,145
Nova Scotia,July,1991,162
Nova Scotia,August,1991,10
Northwest Territories,May,1991,5
Northwest Territories,June,1991,59
Northwest Territories,July,1991,149
Northwest Territories,August,1991,117
Northwest Territories,September,1991,1
Ontario,October,1991,11
Ontario,November,1991,12
Ontario,December,1991,1
Ontario,March,1991,12
Ontario,April,1991,210
Ontario,May,1991,231
Ontario,June,1991,415
Ontario,July,1991,586
Ontario,August,1991,944
Ontario,September,1991,138
Prince Edward Island,April,1991,17
Prince Edward Island,August,1991,2
Prince Edward Island,December,1991,0
Prince Edward Island,February,1991,0
Prince Edward Island,January,1991,0
Prince Edward Island,July,1991,3
Prince Edward Island,June,1991,8
Prince Edward Island,March,1991,2
Prince Edward Island,May,1991,16
Prince Edward Island,November,1991,0
Prince Edward Island,October,1991,0
Prince Edward Island,September,1991,0
Prince Edward Island,Unspecified,1991,0
Quebec,October,1991,6
Quebec,November,1991,5
Quebec,March,1991,1
Quebec,April,1991,64
Quebec,May,1991,220
Quebec,June,1991,408
Quebec,July,1991,318
Quebec,August,1991,162
Quebec,September,1991,32
Saskatchewan,January,1991,2
Saskatchewan,October,1991,31
Saskatchewan,November,1991,14
Saskatchewan,December,1991,2
Saskatchewan,March,1991,1
Saskatchewan,April,1991,79
Saskatchewan,May,1991,127
Saskatchewan,June,1991,75
Saskatchewan,July,1991,111
Saskatchewan,August,1991,272
Saskatchewan,September,1991,48
Yukon,April,1991,8
Yukon,May,1991,28
Yukon,June,1991,109
Yukon,July,1991,33
Yukon,August,1991,9
Alberta,January,1992,14
Alberta,October,1992,29
Alberta,November,1992,15
Alberta,December,1992,4
Alberta,February,1992,11
Alberta,March,1992,61
Alberta,April,1992,110
Alberta,May,1992,91
Alberta,June,1992,147
Alberta,July,1992,226
Alberta,August,1992,339
Alberta,September,1992,14
British Columbia,January,1992,6
British Columbia,October,1992,126
British Columbia,November,1992,4
British Columbia,December,1992,1
British Columbia,February,1992,2
British Columbia,March,1992,70
British Columbia,April,1992,155
British Columbia,May,1992,243
British Columbia,June,1992,705
British Columbia,July,1992,493
British Columbia,August,1992,1803
British Columbia,September,1992,197
Manitoba,October,1992,4
Manitoba,February,1992,1
Manitoba,March,1992,1
Manitoba,April,1992,7
Manitoba,May,1992,76
Manitoba,June,1992,45
Manitoba,July,1992,57
Manitoba,August,1992,102
Manitoba,September,1992,5
New Brunswick,October,1992,14
New Brunswick,April,1992,50
New Brunswick,May,1992,345
New Brunswick,June,1992,78
New Brunswick,July,1992,24
New Brunswick,August,1992,42
New Brunswick,September,1992,23
Newfoundland and Labrador,April,1992,2
Newfoundland and Labrador,May,1992,47
Newfoundland and Labrador,June,1992,15
Newfoundland and Labrador,July,1992,13
Newfoundland and Labrador,August,1992,26
Newfoundland and Labrador,September,1992,3
Nova Scotia,October,1992,13
Nova Scotia,April,1992,43
Nova Scotia,May,1992,138
Nova Scotia,June,1992,46
Nova Scotia,July,1992,19
Nova Scotia,August,1992,18
Nova Scotia,September,1992,19
Northwest Territories,May,1992,9
Northwest Territories,June,1992,31
Northwest Territories,July,1992,130
Northwest Territories,August,1992,100
Northwest Territories,September,1992,15
Ontario,October,1992,11
Ontario,March,1992,2
Ontario,April,1992,58
Ontario,May,1992,347
Ontario,June,1992,380
Ontario,July,1992,60
Ontario,August,1992,94
Ontario,September,1992,8
Prince Edward Island,April,1992,7
Prince Edward Island,August,1992,0
Prince Edward Island,December,1992,0
Prince Edward Island,February,1992,0
Prince Edward Island,January,1992,0
Prince Edward Island,July,1992,0
Prince Edward Island,June,1992,3
Prince Edward Island,March,1992,0
Prince Edward Island,May,1992,14
Prince Edward Island,November,1992,0
Prince Edward Island,October,1992,1
Prince Edward Island,September,1992,2
Prince Edward Island,Unspecified,1992,0
Quebec,October,1992,7
Quebec,November,1992,2
Quebec,April,1992,44
Quebec,May,1992,405
Quebec,June,1992,180
Quebec,July,1992,54
Quebec,August,1992,59
Quebec,September,1992,14
Saskatchewan,October,1992,7
Saskatchewan,November,1992,2
Saskatchewan,March,1992,3
Saskatchewan,April,1992,50
Saskatchewan,May,1992,103
Saskatchewan,June,1992,151
Saskatchewan,July,1992,150
Saskatchewan,August,1992,215
Saskatchewan,September,1992,18
Yukon,May,1992,9
Yukon,June,1992,26
Yukon,July,1992,72
Yukon,August,1992,9
Alberta,January,1993,8
Alberta,October,1993,19
Alberta,November,1993,7
Alberta,December,1993,1
Alberta,February,1993,12
Alberta,March,1993,29
Alberta,April,1993,52
Alberta,May,1993,242
Alberta,June,1993,342
Alberta,July,1993,112
Alberta,August,1993,35
Alberta,September,1993,17
British Columbia,January,1993,3
British Columbia,October,1993,119
British Columbia,November,1993,10
British Columbia,February,1993,16
British Columbia,March,1993,34
British Columbia,April,1993,77
British Columbia,May,1993,322
British Columbia,June,1993,189
British Columbia,July,1993,153
British Columbia,August,1993,274
British Columbia,September,1993,300
Manitoba,October,1993,1
Manitoba,March,1993,2
Manitoba,April,1993,39
Manitoba,May,1993,67
Manitoba,June,1993,97
Manitoba,July,1993,24
Manitoba,August,1993,6
Manitoba,September,1993,3
New Brunswick,October,1993,3
New Brunswick,April,1993,60
New Brunswick,May,1993,195
New Brunswick,June,1993,40
New Brunswick,July,1993,32
New Brunswick,August,1993,72
New Brunswick,September,1993,28
Newfoundland and Labrador,October,1993,4
Newfoundland and Labrador,April,1993,1
Newfoundland and Labrador,May,1993,13
Newfoundland and Labrador,June,1993,24
Newfoundland and Labrador,July,1993,5
Newfoundland and Labrador,August,1993,13
Newfoundland and Labrador,September,1993,5
Nova Scotia,October,1993,4
Nova Scotia,April,1993,78
Nova Scotia,May,1993,110
Nova Scotia,June,1993,20
Nova Scotia,July,1993,21
Nova Scotia,August,1993,43
Nova Scotia,September,1993,26
Northwest Territories,December,1993,2
Northwest Territories,May,1993,13
Northwest Territories,June,1993,175
Northwest Territories,July,1993,249
Northwest Territories,August,1993,30
Northwest Territories,September,1993,4
Ontario,October,1993,10
Ontario,November,1993,4
Ontario,December,1993,2
Ontario,March,1993,1
Ontario,April,1993,112
Ontario,May,1993,171
Ontario,June,1993,129
Ontario,July,1993,158
Ontario,August,1993,144
Ontario,September,1993,11
Prince Edward Island,April,1993,0
Prince Edward Island,August,1993,0
Prince Edward Island,December,1993,0
Prince Edward Island,February,1993,0
Prince Edward Island,January,1993,0
Prince Edward Island,July,1993,0
Prince Edward Island,June,1993,2
Prince Edward Island,March,1993,0
Prince Edward Island,May,1993,26
Prince Edward Island,November,1993,0
Prince Edward Island,October,1993,0
Prince Edward Island,September,1993,1
Prince Edward Island,Unspecified,1993,0
Quebec,October,1993,4
Quebec,November,1993,1
Quebec,April,1993,32
Quebec,May,1993,188
Quebec,June,1993,98
Quebec,July,1993,129
Quebec,August,1993,81
Quebec,September,1993,10
Saskatchewan,January,1993,2
Saskatchewan,October,1993,3
Saskatchewan,November,1993,2
Saskatchewan,February,1993,1
Saskatchewan,March,1993,21
Saskatchewan,April,1993,47
Saskatchewan,May,1993,219
Saskatchewan,June,1993,216
Saskatchewan,July,1993,82
Saskatchewan,August,1993,30
Saskatchewan,September,1993,22
Yukon,October,1993,1
Yukon,April,1993,1
Yukon,May,1993,21
Yukon,June,1993,45
Yukon,July,1993,48
Yukon,August,1993,10
Yukon,September,1993,10
Alberta,January,1994,4
Alberta,October,1994,25
Alberta,November,1994,30
Alberta,December,1994,9
Alberta,March,1994,12
Alberta,April,1994,64
Alberta,May,1994,132
Alberta,June,1994,231
Alberta,July,1994,223
Alberta,August,1994,118
Alberta,September,1994,83
British Columbia,January,1994,6
British Columbia,October,1994,70
British Columbia,November,1994,1
British Columbia,February,1994,2
British Columbia,March,1994,66
British Columbia,April,1994,142
British Columbia,May,1994,212
British Columbia,June,1994,172
British Columbia,July,1994,1030
British Columbia,August,1994,2118
British Columbia,September,1994,238
Manitoba,October,1994,7
Manitoba,November,1994,1
Manitoba,March,1994,1
Manitoba,April,1994,49
Manitoba,May,1994,115
Manitoba,June,1994,170
Manitoba,July,1994,82
Manitoba,August,1994,73
Manitoba,September,1994,57
New Brunswick,October,1994,137
New Brunswick,November,1994,22
New Brunswick,April,1994,41
New Brunswick,May,1994,89
New Brunswick,June,1994,37
New Brunswick,July,1994,48
New Brunswick,August,1994,104
New Brunswick,September,1994,40
Newfoundland and Labrador,October,1994,1
Newfoundland and Labrador,April,1994,3
Newfoundland and Labrador,May,1994,15
Newfoundland and Labrador,June,1994,35
Newfoundland and Labrador,July,1994,35
Newfoundland and Labrador,August,1994,35
Newfoundland and Labrador,September,1994,5
Nova Scotia,October,1994,22
Nova Scotia,November,1994,14
Nova Scotia,March,1994,1
Nova Scotia,April,1994,63
Nova Scotia,May,1994,33
Nova Scotia,June,1994,28
Nova Scotia,July,1994,57
Nova Scotia,August,1994,23
Nova Scotia,September,1994,22
Northwest Territories,January,1994,2
Northwest Territories,October,1994,8
Northwest Territories,November,1994,1
Northwest Territories,December,1994,1
Northwest Territories,February,1994,1
Northwest Territories,April,1994,1
Northwest Territories,May,1994,37
Northwest Territories,June,1994,185
Northwest Territories,July,1994,326
Northwest Territories,August,1994,78
Northwest Territories,September,1994,13
Ontario,October,1994,27
Ontario,November,1994,7
Ontario,March,1994,4
Ontario,April,1994,222
Ontario,May,1994,266
Ontario,June,1994,412
Ontario,July,1994,59
Ontario,August,1994,55
Ontario,September,1994,27
Prince Edward Island,April,1994,12
Prince Edward Island,August,1994,7
Prince Edward Island,December,1994,0
Prince Edward Island,February,1994,0
Prince Edward Island,January,1994,0
Prince Edward Island,July,1994,4
Prince Edward Island,June,1994,3
Prince Edward Island,March,1994,0
Prince Edward Island,May,1994,3
Prince Edward Island,November,1994,7
Prince Edward Island,October,1994,4
Prince Edward Island,September,1994,3
Prince Edward Island,Unspecified,1994,0
Quebec,October,1994,46
Quebec,November,1994,7
Quebec,April,1994,15
Quebec,May,1994,218
Quebec,June,1994,139
Quebec,July,1994,27
Quebec,August,1994,30
Quebec,September,1994,17
Saskatchewan,January,1994,1
Saskatchewan,October,1994,10
Saskatchewan,March,1994,1
Saskatchewan,April,1994,28
Saskatchewan,May,1994,95
Saskatchewan,June,1994,153
Saskatchewan,July,1994,74
Saskatchewan,August,1994,193
Saskatchewan,September,1994,142
Yukon,April,1994,5
Yukon,May,1994,16
Yukon,June,1994,47
Yukon,July,1994,113
Yukon,August,1994,73
Yukon,September,1994,1
Alberta,January,1995,10
Alberta,October,1995,33
Alberta,November,1995,5
Alberta,February,1995,6
Alberta,March,1995,29
Alberta,April,1995,57
Alberta,May,1995,215
Alberta,June,1995,272
Alberta,July,1995,97
Alberta,August,1995,26
Alberta,September,1995,58
British Columbia,January,1995,5
British Columbia,October,1995,15
British Columbia,November,1995,5
British Columbia,February,1995,5
British Columbia,March,1995,61
British Columbia,April,1995,181
British Columbia,May,1995,316
British Columbia,June,1995,281
British Columbia,July,1995,277
British Columbia,August,1995,90
British Columbia,September,1995,238
Manitoba,October,1995,21
Manitoba,April,1995,13
Manitoba,May,1995,154
Manitoba,June,1995,344
Manitoba,July,1995,90
Manitoba,August,1995,28
Manitoba,September,1995,12
New Brunswick,October,1995,11
New Brunswick,November,1995,2
New Brunswick,April,1995,28
New Brunswick,May,1995,71
New Brunswick,June,1995,116
New Brunswick,July,1995,89
New Brunswick,August,1995,156
New Brunswick,September,1995,74
Newfoundland and Labrador,April,1995,3
Newfoundland and Labrador,May,1995,23
Newfoundland and Labrador,June,1995,20
Newfoundland and Labrador,July,1995,14
Newfoundland and Labrador,August,1995,23
Newfoundland and Labrador,September,1995,3
Nova Scotia,October,1995,4
Nova Scotia,November,1995,2
Nova Scotia,March,1995,28
Nova Scotia,April,1995,80
Nova Scotia,May,1995,145
Nova Scotia,June,1995,49
Nova Scotia,July,1995,26
Nova Scotia,August,1995,36
Nova Scotia,September,1995,37
Northwest Territories,October,1995,1
Northwest Territories,November,1995,3
Northwest Territories,April,1995,1
Northwest Territories,May,1995,24
Northwest Territories,June,1995,79
Northwest Territories,July,1995,56
Northwest Territories,August,1995,47
Northwest Territories,September,1995,7
Ontario,October,1995,36
Ontario,November,1995,2
Ontario,March,1995,137
Ontario,April,1995,128
Ontario,May,1995,230
Ontario,June,1995,900
Ontario,July,1995,150
Ontario,August,1995,442
Ontario,September,1995,125
Prince Edward Island,April,1995,0
Prince Edward Island,August,1995,7
Prince Edward Island,December,1995,0
Prince Edward Island,February,1995,0
Prince Edward Island,January,1995,0
Prince Edward Island,July,1995,3
Prince Edward Island,June,1995,2
Prince Edward Island,March,1995,0
Prince Edward Island,May,1995,11
Prince Edward Island,November,1995,0
Prince Edward Island,October,1995,2
Prince Edward Island,September,1995,4
Prince Edward Island,Unspecified,1995,0
Quebec,October,1995,23
Quebec,November,1995,1
Quebec,March,1995,9
Quebec,April,1995,33
Quebec,May,1995,139
Quebec,June,1995,470
Quebec,July,1995,170
Quebec,August,1995,367
Quebec,September,1995,53
Saskatchewan,October,1995,9
Saskatchewan,November,1995,3
Saskatchewan,December,1995,1
Saskatchewan,April,1995,10
Saskatchewan,May,1995,222
Saskatchewan,June,1995,283
Saskatchewan,July,1995,85
Saskatchewan,August,1995,18
Saskatchewan,September,1995,20
Yukon,Unspecified,1995,1
Yukon,November,1995,1
Yukon,March,1995,1
Yukon,April,1995,4
Yukon,May,1995,31
Yukon,June,1995,80
Yukon,July,1995,22
Yukon,August,1995,6
Yukon,September,1995,2
Alberta,January,1996,1
Alberta,October,1996,7
Alberta,November,1996,2
Alberta,December,1996,2
Alberta,March,1996,1
Alberta,April,1996,26
Alberta,May,1996,56
Alberta,June,1996,124
Alberta,July,1996,89
Alberta,August,1996,76
Alberta,September,1996,14
British Columbia,January,1996,5
British Columbia,October,1996,16
British Columbia,November,1996,1
British Columbia,December,1996,2
British Columbia,February,1996,3
British Columbia,March,1996,31
British Columbia,April,1996,60
British Columbia,May,1996,82
British Columbia,June,1996,155
British Columbia,July,1996,452
British Columbia,August,1996,489
British Columbia,September,1996,64
Manitoba,Unspecified,1996,2
Manitoba,October,1996,4
Manitoba,April,1996,1
Manitoba,May,1996,77
Manitoba,June,1996,103
Manitoba,July,1996,155
Manitoba,August,1996,59
Manitoba,September,1996,23
New Brunswick,October,1996,13
New Brunswick,November,1996,1
New Brunswick,March,1996,1
New Brunswick,April,1996,26
New Brunswick,May,1996,75
New Brunswick,June,1996,129
New Brunswick,July,1996,11
New Brunswick,August,1996,74
New Brunswick,September,1996,37
Newfoundland and Labrador,October,1996,2
Newfoundland and Labrador,April,1996,13
Newfoundland and Labrador,May,1996,23
Newfoundland and Labrador,June,1996,12
Newfoundland and Labrador,July,1996,4
Newfoundland and Labrador,August,1996,48
Newfoundland and Labrador,September,1996,9
Nova Scotia,October,1996,3
Nova Scotia,March,1996,55
Nova Scotia,April,1996,65
Nova Scotia,May,1996,66
Nova Scotia,June,1996,45
Nova Scotia,July,1996,9
Nova Scotia,August,1996,20
Nova Scotia,September,1996,7
Northwest Territories,April,1996,1
Northwest Territories,May,1996,11
Northwest Territories,June,1996,182
Northwest Territories,July,1996,134
Northwest Territories,August,1996,22
Ontario,Unspecified,1996,1
Ontario,October,1996,11
Ontario,March,1996,7
Ontario,April,1996,30
Ontario,May,1996,241
Ontario,June,1996,570
Ontario,July,1996,198
Ontario,August,1996,144
Ontario,September,1996,73
Prince Edward Island,April,1996,0
Prince Edward Island,August,1996,0
Prince Edward Island,December,1996,0
Prince Edward Island,February,1996,0
Prince Edward Island,January,1996,0
Prince Edward Island,July,1996,0
Prince Edward Island,June,1996,0
Prince Edward Island,March,1996,0
Prince Edward Island,May,1996,0
Prince Edward Island,November,1996,0
Prince Edward Island,October,1996,0
Prince Edward Island,September,1996,0
Prince Edward Island,Unspecified,1996,0
Quebec,October,1996,19
Quebec,November,1996,1
Quebec,April,1996,5
Quebec,May,1996,163
Quebec,June,1996,706
Quebec,July,1996,55
Quebec,August,1996,209
Quebec,September,1996,92
Saskatchewan,January,1996,1
Saskatchewan,October,1996,3
Saskatchewan,February,1996,1
Saskatchewan,April,1996,6
Saskatchewan,May,1996,62
Saskatchewan,June,1996,123
Saskatchewan,July,1996,161
Saskatchewan,August,1996,53
Saskatchewan,September,1996,15
Yukon,March,1996,2
Yukon,April,1996,2
Yukon,May,1996,19
Yukon,June,1996,72
Yukon,July,1996,44
Yukon,August,1996,7
Yukon,September,1996,3
Alberta,January,1997,1
Alberta,October,1997,3
Alberta,November,1997,1
Alberta,December,1997,32
Alberta,March,1997,4
Alberta,April,1997,24
Alberta,May,1997,120
Alberta,June,1997,34
Alberta,July,1997,148
Alberta,August,1997,79
Alberta,September,1997,17
British Columbia,October,1997,3
British Columbia,November,1997,3
British Columbia,December,1997,2
British Columbia,February,1997,2
British Columbia,March,1997,6
British Columbia,April,1997,86
British Columbia,May,1997,131
British Columbia,June,1997,95
British Columbia,July,1997,172
British Columbia,August,1997,514
British Columbia,September,1997,162
Manitoba,Unspecified,1997,1
Manitoba,October,1997,1
Manitoba,April,1997,8
Manitoba,May,1997,83
Manitoba,June,1997,87
Manitoba,July,1997,102
Manitoba,August,1997,83
Manitoba,September,1997,8
New Brunswick,October,1997,45
New Brunswick,November,1997,2
New Brunswick,April,1997,16
New Brunswick,May,1997,72
New Brunswick,June,1997,68
New Brunswick,July,1997,77
New Brunswick,August,1997,75
New Brunswick,September,1997,13
Newfoundland and Labrador,May,1997,15
Newfoundland and Labrador,June,1997,25
Newfoundland and Labrador,July,1997,26
Newfoundland and Labrador,August,1997,11
Newfoundland and Labrador,September,1997,1
Nova Scotia,October,1997,30
Nova Scotia,March,1997,1
Nova Scotia,April,1997,44
Nova Scotia,May,1997,77
Nova Scotia,June,1997,35
Nova Scotia,July,1997,108
Nova Scotia,August,1997,59
Nova Scotia,September,1997,16
Northwest Territories,May,1997,1
Northwest Territories,June,1997,17
Northwest Territories,July,1997,74
Northwest Territories,August,1997,10
Northwest Territories,September,1997,3
Ontario,Unspecified,1997,2
Ontario,October,1997,18
Ontario,November,1997,1
Ontario,April,1997,136
Ontario,May,1997,180
Ontario,June,1997,425
Ontario,July,1997,371
Ontario,August,1997,423
Ontario,September,1997,90
Prince Edward Island,April,1997,2
Prince Edward Island,August,1997,2
Prince Edward Island,December,1997,0
Prince Edward Island,February,1997,0
Prince Edward Island,January,1997,0
Prince Edward Island,July,1997,2
Prince Edward Island,June,1997,7
Prince Edward Island,March,1997,
Prince Edward Island,May,1997,20
Prince Edward Island,November,1997,
Prince Edward Island,October,1997,1
Prince Edward Island,September,1997,
Prince Edward Island,Unspecified,1997,0
Quebec,October,1997,44
Quebec,November,1997,1
Quebec,April,1997,21
Quebec,May,1997,63
Quebec,June,1997,436
Quebec,July,1997,143
Quebec,August,1997,146
Quebec,September,1997,22
Saskatchewan,October,1997,2
Saskatchewan,April,1997,10
Saskatchewan,May,1997,92
Saskatchewan,June,1997,52
Saskatchewan,July,1997,150
Saskatchewan,August,1997,168
Saskatchewan,September,1997,15
Yukon,October,1997,2
Yukon,May,1997,23
Yukon,June,1997,34
Yukon,July,1997,37
Yukon,August,1997,13
Yukon,September,1997,3
Alberta,October,1998,60
Alberta,November,1998,10
Alberta,December,1998,9
Alberta,March,1998,2
Alberta,April,1998,152
Alberta,May,1998,412
Alberta,June,1998,273
Alberta,July,1998,196
Alberta,August,1998,540
Alberta,September,1998,84
British Columbia,Unspecified,1998,18
British Columbia,January,1998,3
British Columbia,October,1998,44
British Columbia,November,1998,4
British Columbia,February,1998,3
British Columbia,March,1998,24
British Columbia,April,1998,148
British Columbia,May,1998,259
British Columbia,June,1998,143
British Columbia,July,1998,674
British Columbia,August,1998,870
British Columbia,September,1998,473
Manitoba,Unspecified,1998,9
Manitoba,October,1998,1
Manitoba,November,1998,1
Manitoba,April,1998,110
Manitoba,May,1998,51
Manitoba,June,1998,52
Manitoba,July,1998,136
Manitoba,August,1998,106
Manitoba,September,1998,50
New Brunswick,October,1998,7
New Brunswick,November,1998,2
New Brunswick,April,1998,67
New Brunswick,May,1998,61
New Brunswick,June,1998,29
New Brunswick,July,1998,44
New Brunswick,August,1998,73
New Brunswick,September,1998,5
Newfoundland and Labrador,October,1998,1
Newfoundland and Labrador,April,1998,1
Newfoundland and Labrador,May,1998,94
Newfoundland and Labrador,June,1998,55
Newfoundland and Labrador,July,1998,11
Newfoundland and Labrador,August,1998,18
Nova Scotia,October,1998,16
Nova Scotia,March,1998,20
Nova Scotia,April,1998,86
Nova Scotia,May,1998,91
Nova Scotia,June,1998,45
Nova Scotia,July,1998,19
Nova Scotia,August,1998,61
Nova Scotia,September,1998,8
Northwest Territories,May,1998,24
Northwest Territories,June,1998,76
Northwest Territories,July,1998,228
Northwest Territories,August,1998,69
Northwest Territories,September,1998,2
Ontario,October,1998,32
Ontario,November,1998,8
Ontario,December,1998,2
Ontario,March,1998,11
Ontario,April,1998,207
Ontario,May,1998,463
Ontario,June,1998,254
Ontario,July,1998,710
Ontario,August,1998,477
Ontario,September,1998,127
Prince Edward Island,April,1998,1
Prince Edward Island,August,1998,6
Prince Edward Island,December,1998,0
Prince Edward Island,February,1998,0
Prince Edward Island,January,1998,0
Prince Edward Island,July,1998,3
Prince Edward Island,June,1998,2
Prince Edward Island,March,1998,
Prince Edward Island,May,1998,14
Prince Edward Island,November,1998,
Prince Edward Island,October,1998,1
Prince Edward Island,September,1998,
Prince Edward Island,Unspecified,1998,0
Quebec,October,1998,29
Quebec,November,1998,8
Quebec,April,1998,115
Quebec,May,1998,279
Quebec,June,1998,112
Quebec,July,1998,106
Quebec,August,1998,171
Quebec,September,1998,34
Saskatchewan,October,1998,6
Saskatchewan,December,1998,1
Saskatchewan,April,1998,107
Saskatchewan,May,1998,292
Saskatchewan,June,1998,216
Saskatchewan,July,1998,355
Saskatchewan,August,1998,220
Saskatchewan,September,1998,71
Yukon,Unspecified,1998,1
Yukon,April,1998,2
Yukon,May,1998,44
Yukon,June,1998,36
Yukon,July,1998,73
Yukon,August,1998,35
Yukon,September,1998,7
Alberta,January,1999,4
Alberta,October,1999,84
Alberta,November,1999,29
Alberta,December,1999,28
Alberta,March,1999,6
Alberta,April,1999,133
Alberta,May,1999,121
Alberta,June,1999,213
Alberta,July,1999,280
Alberta,August,1999,427
Alberta,September,1999,46
British Columbia,October,1999,82
British Columbia,November,1999,6
British Columbia,December,1999,8
British Columbia,February,1999,2
British Columbia,March,1999,8
British Columbia,April,1999,92
British Columbia,May,1999,83
British Columbia,June,1999,118
British Columbia,July,1999,168
British Columbia,August,1999,522
British Columbia,September,1999,109
Manitoba,January,1999,2
Manitoba,October,1999,5
Manitoba,April,1999,133
Manitoba,May,1999,104
Manitoba,June,1999,115
Manitoba,July,1999,125
Manitoba,August,1999,112
Manitoba,September,1999,17
New Brunswick,October,1999,3
New Brunswick,November,1999,7
New Brunswick,December,1999,1
New Brunswick,April,1999,55
New Brunswick,May,1999,180
New Brunswick,June,1999,210
New Brunswick,July,1999,80
New Brunswick,August,1999,40
New Brunswick,September,1999,31
Newfoundland and Labrador,October,1999,1
Newfoundland and Labrador,March,1999,5
Newfoundland and Labrador,April,1999,10
Newfoundland and Labrador,May,1999,66
Newfoundland and Labrador,June,1999,66
Newfoundland and Labrador,July,1999,20
Newfoundland and Labrador,August,1999,10
Newfoundland and Labrador,September,1999,10
Nova Scotia,October,1999,3
Nova Scotia,November,1999,7
Nova Scotia,March,1999,23
Nova Scotia,April,1999,78
Nova Scotia,May,1999,129
Alberta,April,2000,139
Alberta,April,2001,79
Alberta,April,2002,35
Alberta,April,2003,34
Alberta,April,2004,230
Alberta,April,2005,205
Alberta,April,2006,355
Alberta,April,2007,129
Alberta,April,2008,103
Alberta,April,2009,127
Alberta,April,2010,338
Alberta,April,2011,140
Alberta,April,2012,123
Alberta,April,2013,37
Alberta,April,2014,81
Alberta,April,2015,277
Alberta,April,2016,287
Alberta,April,2017,101
Alberta,April,2018,97
Alberta,April,2019,188
Alberta,April,2020,68
Alberta,August,2000,74
Alberta,August,2001,91
Alberta,August,2002,122
Alberta,August,2003,257
Alberta,August,2004,122
Alberta,August,2005,89
Alberta,August,2006,154
Alberta,August,2007,163
Alberta,August,2008,221
Alberta,August,2009,179
Alberta,August,2010,174
Alberta,August,2011,160
Alberta,August,2012,272
Alberta,August,2013,180
Alberta,August,2014,263
Alberta,August,2015,162
Alberta,August,2016,128
Alberta,August,2017,264
Alberta,August,2018,178
Alberta,August,2019,78
Alberta,August,2020,208
Alberta,December,2000,1
Alberta,December,2001,10
Alberta,December,2002,6
Alberta,December,2003,7
Alberta,December,2004,2
Alberta,December,2005,9
Alberta,December,2006,5
Alberta,December,2007,5
Alberta,December,2008,4
Alberta,December,2009,10
Alberta,December,2010,3
Alberta,December,2011,3
Alberta,December,2013,1
Alberta,December,2014,2
Alberta,December,2015,8
Alberta,December,2016,4
Alberta,December,2017,3
Alberta,December,2018,3
Alberta,December,2019,1
Alberta,December,2020,8
Alberta,February,2000,8
Alberta,February,2001,2
Alberta,February,2002,4
Alberta,February,2003,4
Alberta,February,2004,3
Alberta,February,2005,8
Alberta,February,2006,19
Alberta,February,2007,3
Alberta,February,2008,4
Alberta,February,2009,11
Alberta,February,2010,6
Alberta,February,2012,3
Alberta,February,2013,3
Alberta,February,2015,4
Alberta,February,2016,12
Alberta,February,2017,4
Alberta,February,2019,1
Alberta,February,2020,1
Alberta,January,2000,9
Alberta,January,2001,4
Alberta,January,2002,10
Alberta,January,2003,14
Alberta,January,2004,3
Alberta,January,2005,4
Alberta,January,2006,22
Alberta,January,2007,6
Alberta,January,2008,12
Alberta,January,2009,8
Alberta,January,2010,7
Alberta,January,2011,2
Alberta,January,2012,14
Alberta,January,2013,1
Alberta,January,2014,9
Alberta,January,2015,2
Alberta,January,2016,7
Alberta,January,2017,4
Alberta,January,2018,4
Alberta,January,2019,17
Alberta,January,2020,1
Alberta,July,2000,197
Alberta,July,2001,201
Alberta,July,2002,358
Alberta,July,2003,328
Alberta,July,2004,658
Alberta,July,2005,250
Alberta,July,2006,546
Alberta,July,2007,410
Alberta,July,2008,414
Alberta,July,2009,170
Alberta,July,2010,506
Alberta,July,2011,174
Alberta,July,2012,410
Alberta,July,2013,211
Alberta,July,2014,330
Alberta,July,2015,318
Alberta,July,2016,221
Alberta,July,2017,285
Alberta,July,2018,166
Alberta,July,2019,219
Alberta,July,2020,78
Alberta,June,2000,261
Alberta,June,2001,184
Alberta,June,2002,588
Alberta,June,2003,215
Alberta,June,2004,283
Alberta,June,2005,283
Alberta,June,2006,354
Alberta,June,2007,264
Alberta,June,2008,342
Alberta,June,2009,454
Alberta,June,2010,349
Alberta,June,2011,115
Alberta,June,2012,124
Alberta,June,2013,132
Alberta,June,2014,282
Alberta,June,2015,504
Alberta,June,2016,402
Alberta,June,2017,176
Alberta,June,2018,337
Alberta,June,2019,180
Alberta,June,2020,83
Alberta,March,2000,30
Alberta,March,2001,28
Alberta,March,2002,3
Alberta,March,2003,1
Alberta,March,2004,9
Alberta,March,2005,4
Alberta,March,2006,50
Alberta,March,2007,9
Alberta,March,2008,20
Alberta,March,2009,5
Alberta,March,2010,48
Alberta,March,2011,1
Alberta,March,2012,32
Alberta,March,2013,9
Alberta,March,2014,11
Alberta,March,2015,32
Alberta,March,2016,62
Alberta,March,2017,14
Alberta,March,2018,19
Alberta,March,2019,34
Alberta,March,2020,4
Alberta,May,2000,112
Alberta,May,2001,292
Alberta,May,2002,264
Alberta,May,2003,267
Alberta,May,2004,300
Alberta,May,2005,443
Alberta,May,2006,399
Alberta,May,2007,238
Alberta,May,2008,438
Alberta,May,2009,493
Alberta,May,2010,381
Alberta,May,2011,405
Alberta,May,2012,456
Alberta,May,2013,529
Alberta,May,2014,360
Alberta,May,2015,505
Alberta,May,2016,250
Alberta,May,2017,348
Alberta,May,2018,454
Alberta,May,2019,315
Alberta,May,2020,209
Alberta,November,2000,5
Alberta,November,2001,22
Alberta,November,2002,21
Alberta,November,2003,14
Alberta,November,2004,3
Alberta,November,2005,30
Alberta,November,2006,6
Alberta,November,2007,26
Alberta,November,2008,23
Alberta,November,2009,17
Alberta,November,2010,26
Alberta,November,2011,29
Alberta,November,2012,2
Alberta,November,2013,15
Alberta,November,2014,15
Alberta,November,2015,23
Alberta,November,2016,13
Alberta,November,2017,5
Alberta,November,2018,9
Alberta,November,2019,1
Alberta,November,2020,9
Alberta,October,2000,16
Alberta,October,2001,56
Alberta,October,2002,22
Alberta,October,2003,57
Alberta,October,2004,27
Alberta,October,2005,35
Alberta,October,2006,56
Alberta,October,2007,59
Alberta,October,2008,87
Alberta,October,2009,45
Alberta,October,2010,62
Alberta,October,2011,44
Alberta,October,2012,40
Alberta,October,2013,26
Alberta,October,2014,39
Alberta,October,2015,62
Alberta,October,2016,14
Alberta,October,2017,49
Alberta,October,2018,53
Alberta,October,2019,17
Alberta,October,2020,49
Alberta,September,2000,12
Alberta,September,2001,55
Alberta,September,2002,60
Alberta,September,2003,59
Alberta,September,2004,43
Alberta,September,2005,65
Alberta,September,2006,141
Alberta,September,2007,66
Alberta,September,2008,75
Alberta,September,2009,174
Alberta,September,2010,49
Alberta,September,2011,135
Alberta,September,2012,170
Alberta,September,2013,135
Alberta,September,2014,114
Alberta,September,2015,55
Alberta,September,2016,85
Alberta,September,2017,77
Alberta,September,2018,62
Alberta,September,2019,30
Alberta,September,2020,82
Alberta,Unspecified,2008,52
Alberta,Unspecified,2009,22
British Columbia,April,2000,157
British Columbia,April,2001,130
British Columbia,April,2002,140
British Columbia,April,2003,99
British Columbia,April,2004,178
British Columbia,April,2005,116
British Columbia,April,2006,176
British Columbia,April,2007,76
British Columbia,April,2008,117
British Columbia,April,2009,165
British Columbia,April,2010,135
British Columbia,April,2011,48
British Columbia,April,2012,74
British Columbia,April,2013,85
British Columbia,April,2014,107
British Columbia,April,2015,82
British Columbia,April,2016,158
British Columbia,April,2017,40
British Columbia,April,2018,51
British Columbia,April,2019,87
British Columbia,April,2020,92
British Columbia,August,2000,618
British Columbia,August,2001,262
British Columbia,August,2002,596
British Columbia,August,2003,1132
British Columbia,August,2004,719
British Columbia,August,2005,254
British Columbia,August,2006,507
British Columbia,August,2007,518
British Columbia,August,2008,780
British Columbia,August,2009,632
British Columbia,August,2010,392
British Columbia,August,2011,223
British Columbia,August,2012,642
British Columbia,August,2013,999
British Columbia,August,2014,502
British Columbia,August,2015,404
British Columbia,August,2016,325
British Columbia,August,2017,306
British Columbia,August,2018,766
British Columbia,August,2019,126
British Columbia,August,2020,283
British Columbia,December,2000,1
British Columbia,December,2002,6
British Columbia,December,2004,1
British Columbia,December,2007,1
British Columbia,December,2008,3
British Columbia,December,2009,2
British Columbia,December,2010,4
British Columbia,December,2012,1
British Columbia,December,2013,2
British Columbia,December,2014,2
British Columbia,December,2015,1
British Columbia,December,2018,2
British Columbia,December,2020,1
British Columbia,February,2000,3
British Columbia,February,2001,1
British Columbia,February,2002,3
British Columbia,February,2003,3
British Columbia,February,2004,2
British Columbia,February,2005,9
British Columbia,February,2006,3
British Columbia,February,2007,2
British Columbia,February,2008,2
British Columbia,February,2009,7
British Columbia,February,2010,2
British Columbia,February,2011,2
British Columbia,February,2012,2
British Columbia,February,2014,4
British Columbia,February,2015,2
British Columbia,February,2016,7
British Columbia,February,2017,2
British Columbia,February,2019,1
British Columbia,January,2001,6
British Columbia,January,2002,3
British Columbia,January,2003,5
British Columbia,January,2005,2
British Columbia,January,2006,3
British Columbia,January,2007,2
British Columbia,January,2008,1
British Columbia,January,2009,8
British Columbia,January,2010,2
British Columbia,January,2011,2
British Columbia,January,2012,2
British Columbia,January,2013,1
British Columbia,January,2014,1
British Columbia,January,2016,3
British Columbia,January,2017,1
British Columbia,January,2018,1
British Columbia,July,2000,399
British Columbia,July,2001,329
British Columbia,July,2002,410
British Columbia,July,2003,562
British Columbia,July,2004,630
British Columbia,July,2005,146
British Columbia,July,2006,1086
British Columbia,July,2007,624
British Columbia,July,2008,596
British Columbia,July,2009,1191
British Columbia,July,2010,826
British Columbia,July,2011,115
British Columbia,July,2012,417
British Columbia,July,2013,367
British Columbia,July,2014,485
British Columbia,July,2015,538
British Columbia,July,2016,206
British Columbia,July,2017,622
British Columbia,July,2018,684
British Columbia,July,2019,155
British Columbia,July,2020,115
British Columbia,June,2000,129
British Columbia,June,2001,98
British Columbia,June,2002,245
British Columbia,June,2003,272
British Columbia,June,2004,637
British Columbia,June,2005,90
British Columbia,June,2006,233
British Columbia,June,2007,109
British Columbia,June,2008,170
British Columbia,June,2009,459
British Columbia,June,2010,132
British Columbia,June,2011,68
British Columbia,June,2012,57
British Columbia,June,2013,101
British Columbia,June,2014,132
British Columbia,June,2015,443
British Columbia,June,2016,164
British Columbia,June,2017,145
British Columbia,June,2018,327
British Columbia,June,2019,194
British Columbia,June,2020,31
British Columbia,March,2000,17
British Columbia,March,2001,30
British Columbia,March,2002,5
British Columbia,March,2003,19
British Columbia,March,2004,43
British Columbia,March,2005,15
British Columbia,March,2006,9
British Columbia,March,2007,17
British Columbia,March,2008,13
British Columbia,March,2009,19
British Columbia,March,2010,30
British Columbia,March,2011,9
British Columbia,March,2012,6
British Columbia,March,2013,21
British Columbia,March,2014,10
British Columbia,March,2015,31
British Columbia,March,2016,27
British Columbia,March,2017,10
British Columbia,March,2018,14
British Columbia,March,2019,27
British Columbia,March,2020,19
British Columbia,May,2000,82
British Columbia,May,2001,257
British Columbia,May,2002,161
British Columbia,May,2003,144
British Columbia,May,2004,132
British Columbia,May,2005,275
British Columbia,May,2006,203
British Columbia,May,2007,159
British Columbia,May,2008,161
British Columbia,May,2009,197
British Columbia,May,2010,91
British Columbia,May,2011,67
British Columbia,May,2012,168
British Columbia,May,2013,128
British Columbia,May,2014,105
British Columbia,May,2015,309
British Columbia,May,2016,127
British Columbia,May,2017,91
British Columbia,May,2018,178
British Columbia,May,2019,135
British Columbia,May,2020,66
British Columbia,November,2000,8
British Columbia,November,2001,13
British Columbia,November,2002,32
British Columbia,November,2003,16
British Columbia,November,2004,2
British Columbia,November,2005,7
British Columbia,November,2006,2
British Columbia,November,2007,4
British Columbia,November,2008,7
British Columbia,November,2009,5
British Columbia,November,2010,11
British Columbia,November,2011,6
British Columbia,November,2012,2
British Columbia,November,2013,1
British Columbia,November,2015,3
British Columbia,November,2016,3
British Columbia,November,2017,4
British Columbia,November,2018,2
British Columbia,November,2019,7
British Columbia,November,2020,2
British Columbia,October,2000,51
British Columbia,October,2001,59
British Columbia,October,2002,86
British Columbia,October,2003,40
British Columbia,October,2004,36
British Columbia,October,2005,8
British Columbia,October,2006,80
British Columbia,October,2007,18
British Columbia,October,2008,66
British Columbia,October,2009,49
British Columbia,October,2010,54
British Columbia,October,2011,37
British Columbia,October,2012,83
British Columbia,October,2013,43
British Columbia,October,2014,40
British Columbia,October,2015,27
British Columbia,October,2016,12
British Columbia,October,2017,64
British Columbia,October,2018,45
British Columbia,October,2019,16
British Columbia,October,2020,13
British Columbia,September,2000,86
British Columbia,September,2001,135
British Columbia,September,2002,108
British Columbia,September,2003,198
British Columbia,September,2004,38
British Columbia,September,2005,84
British Columbia,September,2006,285
British Columbia,September,2007,111
British Columbia,September,2008,122
British Columbia,September,2009,337
British Columbia,September,2010,52
British Columbia,September,2011,107
British Columbia,September,2012,205
British Columbia,September,2013,131
British Columbia,September,2014,90
British Columbia,September,2015,31
British Columbia,September,2016,43
British Columbia,September,2017,115
British Columbia,September,2018,52
British Columbia,September,2019,95
British Columbia,September,2020,62
British Columbia,Unspecified,2008,20
British Columbia,Unspecified,2009,30
British Columbia,Unspecified,2018,1
Manitoba,April,2000,1
Manitoba,April,2001,1
Manitoba,April,2002,1
Manitoba,April,2003,1
Manitoba,April,2004,7
Manitoba,April,2005,34
Manitoba,April,2006,45
Manitoba,April,2007,38
Manitoba,April,2008,18
Manitoba,April,2009,2
Manitoba,April,2010,91
Manitoba,April,2011,6
Manitoba,April,2012,51
Manitoba,April,2013,3
Manitoba,April,2014,5
Manitoba,April,2015,50
Manitoba,April,2016,22
Manitoba,April,2017,8
Manitoba,April,2018,33
Manitoba,April,2019,21
Manitoba,April,2020,11
Manitoba,August,2003,1
Manitoba,August,2004,2
Manitoba,August,2005,21
Manitoba,August,2006,116
Manitoba,August,2007,50
Manitoba,August,2008,54
Manitoba,August,2009,11
Manitoba,August,2010,115
Manitoba,August,2011,82
Manitoba,August,2012,43
Manitoba,August,2013,103
Manitoba,August,2014,94
Manitoba,August,2015,13
Manitoba,August,2016,15
Manitoba,August,2017,298
Manitoba,August,2018,54
Manitoba,August,2019,35
Manitoba,August,2020,36
Manitoba,July,2004,35
Manitoba,July,2005,140
Manitoba,July,2006,172
Manitoba,July,2007,161
Manitoba,July,2008,40
Manitoba,July,2009,21
Manitoba,July,2010,211
Manitoba,July,2011,106
Manitoba,July,2012,263
Manitoba,July,2013,169
Manitoba,July,2014,45
Manitoba,July,2015,169
Manitoba,July,2016,42
Manitoba,July,2017,142
Manitoba,July,2018,108
Manitoba,July,2019,86
Manitoba,July,2020,41
Manitoba,June,2004,2
Manitoba,June,2005,22
Manitoba,June,2006,237
Manitoba,June,2007,71
Manitoba,June,2008,123
Manitoba,June,2009,72
Manitoba,June,2010,79
Manitoba,June,2011,38
Manitoba,June,2012,61
Manitoba,June,2013,106
Manitoba,June,2014,49
Manitoba,June,2015,151
Manitoba,June,2016,64
Manitoba,June,2017,27
Manitoba,June,2018,97
Manitoba,June,2019,60
Manitoba,June,2020,24
Manitoba,March,2000,1
Manitoba,March,2012,11
Manitoba,March,2015,2
Manitoba,May,2000,1
Manitoba,May,2001,3
Manitoba,May,2002,4
Manitoba,May,2004,8
Manitoba,May,2005,32
Manitoba,May,2006,26
Manitoba,May,2007,53
Manitoba,May,2008,154
Manitoba,May,2009,35
Manitoba,May,2010,62
Manitoba,May,2011,39
Manitoba,May,2012,42
Manitoba,May,2013,71
Manitoba,May,2014,41
Manitoba,May,2015,75
Manitoba,May,2016,59
Manitoba,May,2017,43
Manitoba,May,2018,176
Manitoba,May,2019,81
Manitoba,May,2020,38
Manitoba,November,2006,1
Manitoba,November,2009,1
Manitoba,November,2010,1
Manitoba,November,2011,6
Manitoba,November,2013,1
Manitoba,October,2000,1
Manitoba,October,2001,1
Manitoba,October,2005,3
Manitoba,October,2006,6
Manitoba,October,2007,1
Manitoba,October,2008,2
Manitoba,October,2009,17
Manitoba,October,2010,3
Manitoba,October,2011,27
Manitoba,October,2012,6
Manitoba,October,2014,1
Manitoba,October,2015,2
Manitoba,October,2017,15
Manitoba,October,2020,1
Manitoba,September,2001,1
Manitoba,September,2005,2
Manitoba,September,2006,81
Manitoba,September,2007,9
Manitoba,September,2008,6
Manitoba,September,2009,26
Manitoba,September,2010,27
Manitoba,September,2011,19
Manitoba,September,2012,22
Manitoba,September,2013,43
Manitoba,September,2014,11
Manitoba,September,2015,1
Manitoba,September,2016,5
Manitoba,September,2017,33
Manitoba,September,2018,15
Manitoba,September,2019,1
Manitoba,September,2020,4
Manitoba,Unspecified,2000,353
Manitoba,Unspecified,2001,527
Manitoba,Unspecified,2002,755
Manitoba,Unspecified,2003,1207
Manitoba,Unspecified,2004,3
Manitoba,Unspecified,2008,1
Manitoba,Unspecified,2009,1
New Brunswick,April,2000,31
New Brunswick,April,2001,36
New Brunswick,April,2002,31
New Brunswick,April,2003,18
New Brunswick,April,2004,57
New Brunswick,April,2005,137
New Brunswick,April,2006,154
New Brunswick,April,2007,68
New Brunswick,April,2008,14
New Brunswick,April,2009,54
New Brunswick,April,2010,47
New Brunswick,April,2011,23
New Brunswick,April,2012,189
New Brunswick,April,2013,176
New Brunswick,April,2014,39
New Brunswick,April,2015,3
New Brunswick,April,2016,151
New Brunswick,April,2017,16
New Brunswick,April,2018,37
New Brunswick,April,2019,12
New Brunswick,April,2020,100
New Brunswick,August,2000,46
New Brunswick,August,2001,116
New Brunswick,August,2002,76
New Brunswick,August,2003,26
New Brunswick,August,2004,11
New Brunswick,August,2005,49
New Brunswick,August,2006,22
New Brunswick,August,2007,33
New Brunswick,August,2008,14
New Brunswick,August,2009,18
New Brunswick,August,2010,42
New Brunswick,August,2011,1
New Brunswick,August,2012,28
New Brunswick,August,2013,7
New Brunswick,August,2014,12
New Brunswick,August,2015,11
New Brunswick,August,2016,25
New Brunswick,August,2017,79
New Brunswick,August,2018,15
New Brunswick,August,2019,32
New Brunswick,August,2020,64
New Brunswick,July,2000,40
New Brunswick,July,2001,47
New Brunswick,July,2002,37
New Brunswick,July,2003,29
New Brunswick,July,2004,14
New Brunswick,July,2005,29
New Brunswick,July,2006,33
New Brunswick,July,2007,21
New Brunswick,July,2008,33
New Brunswick,July,2009,3
New Brunswick,July,2010,14
New Brunswick,July,2011,11
New Brunswick,July,2012,26
New Brunswick,July,2013,34
New Brunswick,July,2014,16
New Brunswick,July,2015,22
New Brunswick,July,2016,10
New Brunswick,July,2017,39
New Brunswick,July,2018,40
New Brunswick,July,2019,21
New Brunswick,July,2020,27
New Brunswick,June,2000,77
New Brunswick,June,2001,43
New Brunswick,June,2002,42
New Brunswick,June,2003,38
New Brunswick,June,2004,41
New Brunswick,June,2005,39
New Brunswick,June,2006,9
New Brunswick,June,2007,31
New Brunswick,June,2008,13
New Brunswick,June,2009,11
New Brunswick,June,2010,7
New Brunswick,June,2011,7
New Brunswick,June,2012,22
New Brunswick,June,2013,7
New Brunswick,June,2014,20
New Brunswick,June,2015,3
New Brunswick,June,2016,25
New Brunswick,June,2017,16
New Brunswick,June,2018,34
New Brunswick,June,2019,19
New Brunswick,June,2020,72
New Brunswick,March,2000,1
New Brunswick,March,2006,19
New Brunswick,March,2007,1
New Brunswick,March,2010,3
New Brunswick,March,2012,8
New Brunswick,March,2013,3
New Brunswick,May,2000,73
New Brunswick,May,2001,169
New Brunswick,May,2002,97
New Brunswick,May,2003,89
New Brunswick,May,2004,118
New Brunswick,May,2005,41
New Brunswick,May,2006,64
New Brunswick,May,2007,130
New Brunswick,May,2008,81
New Brunswick,May,2009,88
New Brunswick,May,2010,52
New Brunswick,May,2011,25
New Brunswick,May,2012,49
New Brunswick,May,2013,123
New Brunswick,May,2014,79
New Brunswick,May,2015,165
New Brunswick,May,2016,55
New Brunswick,May,2017,25
New Brunswick,May,2018,124
New Brunswick,May,2019,88
New Brunswick,May,2020,127
New Brunswick,November,2001,3
New Brunswick,November,2002,2
New Brunswick,November,2004,1
New Brunswick,November,2005,1
New Brunswick,November,2007,2
New Brunswick,November,2009,3
New Brunswick,November,2010,1
New Brunswick,November,2012,1
New Brunswick,November,2017,2
New Brunswick,November,2020,5
New Brunswick,October,2000,30
New Brunswick,October,2001,29
New Brunswick,October,2002,10
New Brunswick,October,2003,3
New Brunswick,October,2004,6
New Brunswick,October,2005,1
New Brunswick,October,2006,1
New Brunswick,October,2007,17
New Brunswick,October,2008,2
New Brunswick,October,2009,3
New Brunswick,October,2010,2
New Brunswick,October,2012,3
New Brunswick,October,2013,3
New Brunswick,October,2014,5
New Brunswick,October,2015,3
New Brunswick,October,2016,7
New Brunswick,October,2017,33
New Brunswick,October,2018,4
New Brunswick,October,2019,6
New Brunswick,October,2020,22
New Brunswick,September,2000,44
New Brunswick,September,2001,53
New Brunswick,September,2002,22
New Brunswick,September,2003,27
New Brunswick,September,2004,8
New Brunswick,September,2005,12
New Brunswick,September,2006,8
New Brunswick,September,2007,15
New Brunswick,September,2008,11
New Brunswick,September,2009,17
New Brunswick,September,2010,11
New Brunswick,September,2012,12
New Brunswick,September,2014,9
New Brunswick,September,2015,15
New Brunswick,September,2016,12
New Brunswick,September,2017,35
New Brunswick,September,2018,31
New Brunswick,September,2019,5
New Brunswick,September,2020,49
Newfoundland and Labrador,April,2000,14
Newfoundland and Labrador,April,2002,5
Newfoundland and Labrador,April,2003,2
Newfoundland and Labrador,April,2004,1
Newfoundland and Labrador,April,2005,6
Newfoundland and Labrador,April,2006,6
Newfoundland and Labrador,April,2007,2
Newfoundland and Labrador,April,2008,2
Newfoundland and Labrador,April,2009,26
Newfoundland and Labrador,April,2010,7
Newfoundland and Labrador,April,2011,2
Newfoundland and Labrador,April,2012,20
Newfoundland and Labrador,April,2013,7
Newfoundland and Labrador,April,2018,12
Newfoundland and Labrador,April,2019,1
Newfoundland and Labrador,April,2020,12
Newfoundland and Labrador,August,2000,15
Newfoundland and Labrador,August,2001,63
Newfoundland and Labrador,August,2002,14
Newfoundland and Labrador,August,2003,16
Newfoundland and Labrador,August,2004,23
Newfoundland and Labrador,August,2005,14
Newfoundland and Labrador,August,2006,7
Newfoundland and Labrador,August,2007,1
Newfoundland and Labrador,August,2008,2
Newfoundland and Labrador,August,2009,4
Newfoundland and Labrador,August,2010,11
Newfoundland and Labrador,August,2011,9
Newfoundland and Labrador,August,2012,9
Newfoundland and Labrador,August,2013,7
Newfoundland and Labrador,August,2015,4
Newfoundland and Labrador,August,2016,3
Newfoundland and Labrador,August,2017,8
Newfoundland and Labrador,August,2018,24
Newfoundland and Labrador,August,2019,16
Newfoundland and Labrador,August,2020,27
Newfoundland and Labrador,December,2001,1
Newfoundland and Labrador,December,2020,1
Newfoundland and Labrador,January,2001,1
Newfoundland and Labrador,July,2000,9
Newfoundland and Labrador,July,2001,34
Newfoundland and Labrador,July,2002,13
Newfoundland and Labrador,July,2003,6
Newfoundland and Labrador,July,2004,14
Newfoundland and Labrador,July,2005,23
Newfoundland and Labrador,July,2006,9
Newfoundland and Labrador,July,2007,10
Newfoundland and Labrador,July,2008,14
Newfoundland and Labrador,July,2009,29
Newfoundland and Labrador,July,2010,4
Newfoundland and Labrador,July,2011,5
Newfoundland and Labrador,July,2012,36
Newfoundland and Labrador,July,2013,22
Newfoundland and Labrador,July,2016,14
Newfoundland and Labrador,July,2017,20
Newfoundland and Labrador,July,2018,19
Newfoundland and Labrador,July,2019,11
Newfoundland and Labrador,July,2020,25
Newfoundland and Labrador,June,2000,44
Newfoundland and Labrador,June,2001,36
Newfoundland and Labrador,June,2002,24
Newfoundland and Labrador,June,2003,45
Newfoundland and Labrador,June,2004,16
Newfoundland and Labrador,June,2005,31
Newfoundland and Labrador,June,2006,5
Newfoundland and Labrador,June,2007,17
Newfoundland and Labrador,June,2008,8
Newfoundland and Labrador,June,2009,27
Newfoundland and Labrador,June,2010,4
Newfoundland and Labrador,June,2011,5
Newfoundland and Labrador,June,2012,31
Newfoundland and Labrador,June,2013,10
Newfoundland and Labrador,June,2015,21
Newfoundland and Labrador,June,2017,22
Newfoundland and Labrador,June,2018,18
Newfoundland and Labrador,June,2019,8
Newfoundland and Labrador,June,2020,6
Newfoundland and Labrador,March,2009,1
Newfoundland and Labrador,March,2010,2
Newfoundland and Labrador,March,2012,1
Newfoundland and Labrador,March,2019,6
Newfoundland and Labrador,May,2000,34
Newfoundland and Labrador,May,2001,30
Newfoundland and Labrador,May,2002,30
Newfoundland and Labrador,May,2003,32
Newfoundland and Labrador,May,2004,66
Newfoundland and Labrador,May,2005,34
Newfoundland and Labrador,May,2006,33
Newfoundland and Labrador,May,2007,19
Newfoundland and Labrador,May,2008,33
Newfoundland and Labrador,May,2009,52
Newfoundland and Labrador,May,2010,5
Newfoundland and Labrador,May,2011,14
Newfoundland and Labrador,May,2012,14
Newfoundland and Labrador,May,2013,21
Newfoundland and Labrador,May,2015,2
Newfoundland and Labrador,May,2016,1
Newfoundland and Labrador,May,2017,18
Newfoundland and Labrador,May,2018,41
Newfoundland and Labrador,May,2019,44
Newfoundland and Labrador,May,2020,17
Newfoundland and Labrador,November,2003,1
Newfoundland and Labrador,November,2010,1
Newfoundland and Labrador,November,2017,6
Newfoundland and Labrador,November,2020,4
Newfoundland and Labrador,October,2000,1
Newfoundland and Labrador,October,2001,5
Newfoundland and Labrador,October,2002,1
Newfoundland and Labrador,October,2003,3
Newfoundland and Labrador,October,2004,1
Newfoundland and Labrador,October,2008,6
Newfoundland and Labrador,October,2010,3
Newfoundland and Labrador,October,2013,2
Newfoundland and Labrador,October,2017,4
Newfoundland and Labrador,October,2018,3
Newfoundland and Labrador,October,2019,2
Newfoundland and Labrador,September,2000,7
Newfoundland and Labrador,September,2001,10
Newfoundland and Labrador,September,2002,6
Newfoundland and Labrador,September,2003,21
Newfoundland and Labrador,September,2004,3
Newfoundland and Labrador,September,2005,7
Newfoundland and Labrador,September,2006,3
Newfoundland and Labrador,September,2007,6
Newfoundland and Labrador,September,2008,7
Newfoundland and Labrador,September,2009,8
Newfoundland and Labrador,September,2010,6
Newfoundland and Labrador,September,2011,5
Newfoundland and Labrador,September,2012,4
Newfoundland and Labrador,September,2014,1
Newfoundland and Labrador,September,2017,4
Newfoundland and Labrador,September,2018,14
Newfoundland and Labrador,September,2019,11
Newfoundland and Labrador,September,2020,5
Newfoundland and Labrador,Unspecified,2000,25
Newfoundland and Labrador,Unspecified,2001,2
Newfoundland and Labrador,Unspecified,2002,7
Newfoundland and Labrador,Unspecified,2003,14
Newfoundland and Labrador,Unspecified,2004,1
Newfoundland and Labrador,Unspecified,2005,6
Newfoundland and Labrador,Unspecified,2006,3
Newfoundland and Labrador,Unspecified,2007,11
Newfoundland and Labrador,Unspecified,2008,1
Newfoundland and Labrador,Unspecified,2009,4
Newfoundland and Labrador,Unspecified,2010,3
Newfoundland and Labrador,Unspecified,2011,2
Newfoundland and Labrador,Unspecified,2012,23
Newfoundland and Labrador,Unspecified,2013,2
Newfoundland and Labrador,Unspecified,2014,1
Newfoundland and Labrador,Unspecified,2018,1
Nova Scotia,April,2000,19
Nova Scotia,April,2001,36
Nova Scotia,April,2002,23
Nova Scotia,April,2003,75
Nova Scotia,April,2004,31
Nova Scotia,April,2005,155
Nova Scotia,April,2006,69
Nova Scotia,April,2007,148
Nova Scotia,April,2008,136
Nova Scotia,April,2009,104
Nova Scotia,April,2010,114
Nova Scotia,April,2011,62
Nova Scotia,April,2012,157
Nova Scotia,April,2013,59
Nova Scotia,April,2014,41
Nova Scotia,April,2015,1
Nova Scotia,April,2016,104
Nova Scotia,April,2017,82
Nova Scotia,April,2018,51
Nova Scotia,April,2019,16
Nova Scotia,April,2020,38
Nova Scotia,August,1999,24
Nova Scotia,August,2000,29
Nova Scotia,August,2001,129
Nova Scotia,August,2002,55
Nova Scotia,August,2003,16
Nova Scotia,August,2004,15
Nova Scotia,August,2005,41
Nova Scotia,August,2006,10
Nova Scotia,August,2007,19
Nova Scotia,August,2008,2
Nova Scotia,August,2009,14
Nova Scotia,August,2011,7
Nova Scotia,August,2012,26
Nova Scotia,August,2013,17
Nova Scotia,August,2014,10
Nova Scotia,August,2015,8
Nova Scotia,August,2016,38
Nova Scotia,August,2017,15
Nova Scotia,August,2018,17
Nova Scotia,August,2019,34
Nova Scotia,August,2020,43
Nova Scotia,January,2006,1
Nova Scotia,July,1999,89
Nova Scotia,July,2000,25
Nova Scotia,July,2001,67
Nova Scotia,July,2002,26
Nova Scotia,July,2003,30
Nova Scotia,July,2004,11
Nova Scotia,July,2005,15
Nova Scotia,July,2006,6
Nova Scotia,July,2007,15
Nova Scotia,July,2008,19
Nova Scotia,July,2009,7
Nova Scotia,July,2011,8
Nova Scotia,July,2012,32
Nova Scotia,July,2013,6
Nova Scotia,July,2014,13
Nova Scotia,July,2015,12
Nova Scotia,July,2016,15
Nova Scotia,July,2017,12
Nova Scotia,July,2018,24
Nova Scotia,July,2019,7
Nova Scotia,July,2020,11
Nova Scotia,June,1999,97
Nova Scotia,June,2000,51
Nova Scotia,June,2001,31
Nova Scotia,June,2002,31
Nova Scotia,June,2003,28
Nova Scotia,June,2004,52
Nova Scotia,June,2005,39
Nova Scotia,June,2006,1
Nova Scotia,June,2007,16
Nova Scotia,June,2008,37
Nova Scotia,June,2009,8
Nova Scotia,June,2010,9
Nova Scotia,June,2011,6
Nova Scotia,June,2012,22
Nova Scotia,June,2013,2
Nova Scotia,June,2014,23
Nova Scotia,June,2015,6
Nova Scotia,June,2016,28
Nova Scotia,June,2017,11
Nova Scotia,June,2018,26
Nova Scotia,June,2019,13
Nova Scotia,June,2020,22
Nova Scotia,March,2000,4
Nova Scotia,March,2001,4
Nova Scotia,March,2002,5
Nova Scotia,March,2003,2
Nova Scotia,March,2005,3
Nova Scotia,March,2006,87
Nova Scotia,March,2007,18
Nova Scotia,March,2008,2
Nova Scotia,March,2009,4
Nova Scotia,March,2010,59
Nova Scotia,March,2011,20
Nova Scotia,March,2012,72
Nova Scotia,March,2013,3
Nova Scotia,March,2014,1
Nova Scotia,March,2016,1
Nova Scotia,March,2018,2
Nova Scotia,March,2019,17
Nova Scotia,March,2020,5
Nova Scotia,May,2000,57
Nova Scotia,May,2001,139
Nova Scotia,May,2002,111
Nova Scotia,May,2003,100
Nova Scotia,May,2004,137
Nova Scotia,May,2005,12
Nova Scotia,May,2006,29
Nova Scotia,May,2007,165
Nova Scotia,May,2008,45
Nova Scotia,May,2009,46
Nova Scotia,May,2010,63
Nova Scotia,May,2011,9
Nova Scotia,May,2012,35
Nova Scotia,May,2013,85
Nova Scotia,May,2014,71
Nova Scotia,May,2015,204
Nova Scotia,May,2016,59
Nova Scotia,May,2017,44
Nova Scotia,May,2018,54
Nova Scotia,May,2019,45
Nova Scotia,May,2020,50
Nova Scotia,November,2000,1
Nova Scotia,November,2001,8
Nova Scotia,November,2002,1
Nova Scotia,November,2004,1
Nova Scotia,November,2007,1
Nova Scotia,November,2008,1
Nova Scotia,November,2010,5
Nova Scotia,November,2017,1
Nova Scotia,October,2000,8
Nova Scotia,October,2001,28
Nova Scotia,October,2003,8
Nova Scotia,October,2004,4
Nova Scotia,October,2005,2
Nova Scotia,October,2006,1
Nova Scotia,October,2007,3
Nova Scotia,October,2008,2
Nova Scotia,October,2014,5
Nova Scotia,October,2016,4
Nova Scotia,October,2017,5
Nova Scotia,October,2019,2
Nova Scotia,October,2020,4
Nova Scotia,September,1999,14
Nova Scotia,September,2000,18
Nova Scotia,September,2001,47
Nova Scotia,September,2002,18
Nova Scotia,September,2003,13
Nova Scotia,September,2004,8
Nova Scotia,September,2005,22
Nova Scotia,September,2006,12
Nova Scotia,September,2007,2
Nova Scotia,September,2008,3
Nova Scotia,September,2009,7
Nova Scotia,September,2011,2
Nova Scotia,September,2012,9
Nova Scotia,September,2013,2
Nova Scotia,September,2014,8
Nova Scotia,September,2015,18
Nova Scotia,September,2016,22
Nova Scotia,September,2017,7
Nova Scotia,September,2018,22
Nova Scotia,September,2019,9
Nova Scotia,September,2020,5
Nova Scotia,Unspecified,2008,1
Nova Scotia,Unspecified,2009,1
Northwest Territories,April,1999,1
Northwest Territories,April,2009,1
Northwest Territories,April,2014,1
Northwest Territories,April,2019,6
Northwest Territories,August,1999,53
Northwest Territories,August,2000,36
Northwest Territories,August,2001,6
Northwest Territories,August,2002,4
Northwest Territories,August,2003,19
Northwest Territories,August,2004,27
Northwest Territories,August,2005,5
Northwest Territories,August,2006,63
Northwest Territories,August,2007,14
Northwest Territories,August,2008,86
Northwest Territories,August,2009,13
Northwest Territories,August,2010,13
Northwest Territories,August,2011,22
Northwest Territories,August,2012,43
Northwest Territories,August,2013,19
Northwest Territories,August,2014,77
Northwest Territories,August,2015,27
Northwest Territories,August,2016,20
Northwest Territories,August,2017,77
Northwest Territories,August,2018,7
Northwest Territories,August,2019,11
Northwest Territories,August,2020,7
Northwest Territories,February,2009,1
Northwest Territories,January,2009,1
Northwest Territories,July,1999,39
Northwest Territories,July,2000,144
Northwest Territories,July,2001,71
Northwest Territories,July,2002,41
Northwest Territories,July,2003,86
Northwest Territories,July,2004,206
Northwest Territories,July,2005,194
Northwest Territories,July,2006,59
Northwest Territories,July,2007,89
Northwest Territories,July,2008,85
Northwest Territories,July,2009,10
Northwest Territories,July,2010,121
Northwest Territories,July,2011,85
Northwest Territories,July,2012,148
Northwest Territories,July,2013,77
Northwest Territories,July,2014,188
Northwest Territories,July,2015,41
Northwest Territories,July,2016,112
Northwest Territories,July,2017,123
Northwest Territories,July,2018,35
Northwest Territories,July,2019,88
Northwest Territories,July,2020,15
Northwest Territories,June,1999,70
Northwest Territories,June,2000,90
Northwest Territories,June,2001,49
Northwest Territories,June,2002,38
Northwest Territories,June,2003,48
Northwest Territories,June,2004,51
Northwest Territories,June,2005,43
Northwest Territories,June,2006,34
Northwest Territories,June,2007,79
Northwest Territories,June,2008,61
Northwest Territories,June,2009,15
Northwest Territories,June,2010,81
Northwest Territories,June,2011,78
Northwest Territories,June,2012,76
Northwest Territories,June,2013,152
Northwest Territories,June,2014,118
Northwest Territories,June,2015,125
Northwest Territories,June,2016,58
Northwest Territories,June,2017,33
Northwest Territories,June,2018,14
Northwest Territories,June,2019,32
Northwest Territories,June,2020,47
Northwest Territories,May,1999,3
Northwest Territories,May,2000,5
Northwest Territories,May,2002,2
Northwest Territories,May,2003,6
Northwest Territories,May,2004,3
Northwest Territories,May,2005,15
Northwest Territories,May,2006,1
Northwest Territories,May,2007,2
Northwest Territories,May,2008,8
Northwest Territories,May,2009,4
Northwest Territories,May,2010,5
Northwest Territories,May,2011,14
Northwest Territories,May,2012,12
Northwest Territories,May,2013,4
Northwest Territories,May,2014,4
Northwest Territories,May,2015,60
Northwest Territories,May,2016,3
Northwest Territories,May,2017,22
Northwest Territories,May,2018,4
Northwest Territories,May,2019,8
Northwest Territories,May,2020,1
Northwest Territories,November,2004,1
Northwest Territories,November,2015,4
Northwest Territories,November,2018,1
Northwest Territories,November,2019,1
Northwest Territories,October,2004,2
Northwest Territories,October,2005,1
Northwest Territories,October,2006,1
Northwest Territories,October,2019,1
Northwest Territories,September,1999,6
Northwest Territories,September,2001,2
Northwest Territories,September,2003,1
Northwest Territories,September,2004,9
Northwest Territories,September,2005,3
Northwest Territories,September,2006,9
Northwest Territories,September,2009,1
Northwest Territories,September,2010,4
Northwest Territories,September,2011,2
Northwest Territories,September,2012,10
Northwest Territories,September,2013,5
Northwest Territories,September,2017,13
Northwest Territories,September,2018,2
Northwest Territories,Unspecified,2009,14
Ontario,April,1999,146
Ontario,April,2000,99
Ontario,April,2001,52
Ontario,April,2002,26
Ontario,April,2003,95
Ontario,April,2004,34
Ontario,April,2005,86
Ontario,April,2006,83
Ontario,April,2007,105
Ontario,April,2008,29
Ontario,April,2009,24
Ontario,April,2010,199
Ontario,April,2011,30
Ontario,April,2012,136
Ontario,April,2013,19
Ontario,April,2014,5
Ontario,April,2015,64
Ontario,April,2016,38
Ontario,April,2017,23
Ontario,April,2018,18
Ontario,April,2019,19
Ontario,April,2020,22
Ontario,August,1999,196
Ontario,August,2000,156
Ontario,August,2001,666
Ontario,August,2002,212
Ontario,August,2003,204
Ontario,August,2004,99
Ontario,August,2005,708
Ontario,August,2006,503
Ontario,August,2007,423
Ontario,August,2008,132
Ontario,August,2009,20
Ontario,August,2010,80
Ontario,August,2011,401
Ontario,August,2012,181
Ontario,August,2013,105
Ontario,August,2014,77
Ontario,August,2015,116
Ontario,August,2016,113
Ontario,August,2017,369
Ontario,August,2018,300
Ontario,August,2019,193
Ontario,August,2020,115
Ontario,December,2003,40
Ontario,December,2011,3
Ontario,December,2015,1
Ontario,December,2018,1
Ontario,February,1999,1
Ontario,February,2000,1
Ontario,February,2003,25
Ontario,February,2007,2
Ontario,February,2017,1
Ontario,January,2001,1
Ontario,January,2003,28
Ontario,January,2006,1
Ontario,January,2009,1
Ontario,January,2012,1
Ontario,July,1999,217
Ontario,July,2000,117
Ontario,July,2001,373
Ontario,July,2002,536
Ontario,July,2003,133
Ontario,July,2004,101
Ontario,July,2005,602
Ontario,July,2006,597
Ontario,July,2007,201
Ontario,July,2008,35
Ontario,July,2009,42
Ontario,July,2010,166
Ontario,July,2011,398
Ontario,July,2012,710
Ontario,July,2013,168
Ontario,July,2014,86
Ontario,July,2015,165
Ontario,July,2016,147
Ontario,July,2017,230
Ontario,July,2018,524
Ontario,July,2019,152
Ontario,July,2020,303
Ontario,June,1999,154
Ontario,June,2000,44
Ontario,June,2001,267
Ontario,June,2002,85
Ontario,June,2003,288
Ontario,June,2004,79
Ontario,June,2005,194
Ontario,June,2006,273
Ontario,June,2007,92
Ontario,June,2008,34
Ontario,June,2009,140
Ontario,June,2010,83
Ontario,June,2011,129
Ontario,June,2012,125
Ontario,June,2013,122
Ontario,June,2014,73
Ontario,June,2015,132
Ontario,June,2016,141
Ontario,June,2017,40
Ontario,June,2018,245
Ontario,June,2019,103
Ontario,June,2020,70
Ontario,March,1999,6
Ontario,March,2000,17
Ontario,March,2001,1
Ontario,March,2002,1
Ontario,March,2003,37
Ontario,March,2006,3
Ontario,March,2007,15
Ontario,March,2010,34
Ontario,March,2012,16
Ontario,March,2014,1
Ontario,March,2015,2
Ontario,March,2016,5
Ontario,March,2017,4
Ontario,March,2018,5
Ontario,March,2019,2
Ontario,March,2020,2
Ontario,May,1999,234
Ontario,May,2000,88
Ontario,May,2001,115
Ontario,May,2002,105
Ontario,May,2003,121
Ontario,May,2004,64
Ontario,May,2005,159
Ontario,May,2006,150
Ontario,May,2007,235
Ontario,May,2008,79
Ontario,May,2009,110
Ontario,May,2010,334
Ontario,May,2011,145
Ontario,May,2012,276
Ontario,May,2013,140
Ontario,May,2014,54
Ontario,May,2015,126
Ontario,May,2016,176
Ontario,May,2017,46
Ontario,May,2018,191
Ontario,May,2019,58
Ontario,May,2020,86
Ontario,November,1999,3
Ontario,November,2000,7
Ontario,November,2001,2
Ontario,November,2002,1
Ontario,November,2003,23
Ontario,November,2005,3
Ontario,November,2006,2
Ontario,November,2007,1
Ontario,November,2008,1
Ontario,November,2010,2
Ontario,November,2011,4
Ontario,November,2012,2
Ontario,November,2016,4
Ontario,October,1999,4
Ontario,October,2000,83
Ontario,October,2001,10
Ontario,October,2002,8
Ontario,October,2003,18
Ontario,October,2004,18
Ontario,October,2005,14
Ontario,October,2006,19
Ontario,October,2007,5
Ontario,October,2008,9
Ontario,October,2009,6
Ontario,October,2010,23
Ontario,October,2011,58
Ontario,October,2012,13
Ontario,October,2013,8
Ontario,October,2014,6
Ontario,October,2015,14
Ontario,October,2016,11
Ontario,October,2017,30
Ontario,October,2019,4
Ontario,October,2020,3
Ontario,September,1999,64
Ontario,September,2000,38
Ontario,September,2001,109
Ontario,September,2002,188
Ontario,September,2003,31
Ontario,September,2004,40
Ontario,September,2005,212
Ontario,September,2006,660
Ontario,September,2007,49
Ontario,September,2008,23
Ontario,September,2009,46
Ontario,September,2010,12
Ontario,September,2011,171
Ontario,September,2012,175
Ontario,September,2013,20
Ontario,September,2014,7
Ontario,September,2015,55
Ontario,September,2016,22
Ontario,September,2017,38
Ontario,September,2018,55
Ontario,September,2019,10
Ontario,September,2020,13
Ontario,Unspecified,2000,3
Ontario,Unspecified,2002,1
Ontario,Unspecified,2006,1
Ontario,Unspecified,2007,1
Ontario,Unspecified,2008,2
Ontario,Unspecified,2009,2
Ontario,Unspecified,2011,1
Prince Edward Island,April,2019,1
Prince Edward Island,April,1999,2
Prince Edward Island,April,2000,
Prince Edward Island,April,2001,0
Prince Edward Island,April,2002,2
Prince Edward Island,April,2003,2
Prince Edward Island,April,2004,1
Prince Edward Island,April,2005,8
Prince Edward Island,April,2006,10
Prince Edward Island,April,2007,4
Prince Edward Island,April,2008,0
Prince Edward Island,April,2009,3
Prince Edward Island,April,2010,1
Prince Edward Island,April,2011,2
Prince Edward Island,April,2012,2
Prince Edward Island,April,2013,4
Prince Edward Island,April,2014,
Prince Edward Island,April,2015,
Prince Edward Island,April,2016,5
Prince Edward Island,April,2017,0
Prince Edward Island,August,2019,1
Prince Edward Island,August,1999,0
Prince Edward Island,August,2000,
Prince Edward Island,August,2001,13
Prince Edward Island,August,2002,4
Prince Edward Island,August,2003,1
Prince Edward Island,August,2004,1
Prince Edward Island,August,2005,1
Prince Edward Island,August,2006,1
Prince Edward Island,August,2007,0
Prince Edward Island,August,2008,0
Prince Edward Island,August,2009,0
Prince Edward Island,August,2010,0
Prince Edward Island,August,2011,0
Prince Edward Island,August,2012,1
Prince Edward Island,August,2013,1
Prince Edward Island,August,2014,
Prince Edward Island,August,2015,
Prince Edward Island,August,2016,0
Prince Edward Island,August,2017,0
Prince Edward Island,December,2019,1
Prince Edward Island,December,1999,0
Prince Edward Island,December,2000,
Prince Edward Island,December,2001,0
Prince Edward Island,December,2002,0
Prince Edward Island,December,2003,0
Prince Edward Island,December,2004,0
Prince Edward Island,December,2005,1
Prince Edward Island,December,2006,0
Prince Edward Island,December,2007,0
Prince Edward Island,December,2008,0
Prince Edward Island,December,2009,0
Prince Edward Island,December,2010,0
Prince Edward Island,December,2011,0
Prince Edward Island,December,2012,0
Prince Edward Island,December,2013,0
Prince Edward Island,December,2014,
Prince Edward Island,December,2015,
Prince Edward Island,December,2016,0
Prince Edward Island,December,2017,0
Prince Edward Island,February,2007,1
Prince Edward Island,February,1999,0
Prince Edward Island,February,2000,
Prince Edward Island,February,2001,0
Prince Edward Island,February,2002,0
Prince Edward Island,February,2003,0
Prince Edward Island,February,2004,0
Prince Edward Island,February,2005,0
Prince Edward Island,February,2006,0
Prince Edward Island,February,2007,0
Prince Edward Island,February,2008,0
Prince Edward Island,February,2009,0
Prince Edward Island,February,2010,0
Prince Edward Island,February,2011,0
Prince Edward Island,February,2012,0
Prince Edward Island,February,2013,0
Prince Edward Island,February,2014,
Prince Edward Island,February,2015,
Prince Edward Island,February,2016,0
Prince Edward Island,February,2017,0
Prince Edward Island,January,1999,0
Prince Edward Island,January,2000,
Prince Edward Island,January,2001,0
Prince Edward Island,January,2002,0
Prince Edward Island,January,2003,0
Prince Edward Island,January,2004,0
Prince Edward Island,January,2005,0
Prince Edward Island,January,2006,0
Prince Edward Island,January,2007,0
Prince Edward Island,January,2008,0
Prince Edward Island,January,2009,0
Prince Edward Island,January,2010,0
Prince Edward Island,January,2011,0
Prince Edward Island,January,2012,0
Prince Edward Island,January,2013,0
Prince Edward Island,January,2014,
Prince Edward Island,January,2015,
Prince Edward Island,January,2016,0
Prince Edward Island,January,2017,0
Prince Edward Island,July,1999,6
Prince Edward Island,July,2000,
Prince Edward Island,July,2001,6
Prince Edward Island,July,2002,6
Prince Edward Island,July,2003,0
Prince Edward Island,July,2004,0
Prince Edward Island,July,2005,0
Prince Edward Island,July,2006,0
Prince Edward Island,July,2007,0
Prince Edward Island,July,2008,4
Prince Edward Island,July,2009,0
Prince Edward Island,July,2010,0
Prince Edward Island,July,2011,0
Prince Edward Island,July,2012,1
Prince Edward Island,July,2013,1
Prince Edward Island,July,2014,
Prince Edward Island,July,2015,
Prince Edward Island,July,2016,0
Prince Edward Island,July,2017,0
Prince Edward Island,June,2008,1
Prince Edward Island,June,1999,3
Prince Edward Island,June,2000,
Prince Edward Island,June,2001,3
Prince Edward Island,June,2002,0
Prince Edward Island,June,2003,0
Prince Edward Island,June,2004,3
Prince Edward Island,June,2005,1
Prince Edward Island,June,2006,2
Prince Edward Island,June,2007,0
Prince Edward Island,June,2008,0
Prince Edward Island,June,2009,0
Prince Edward Island,June,2010,0
Prince Edward Island,June,2011,0
Prince Edward Island,June,2012,1
Prince Edward Island,June,2013,1
Prince Edward Island,June,2014,2
Prince Edward Island,June,2015,
Prince Edward Island,June,2016,0
Prince Edward Island,June,2017,0
Prince Edward Island,March,1999,1
Prince Edward Island,March,2000,
Prince Edward Island,March,2001,0
Prince Edward Island,March,2002,0
Prince Edward Island,March,2003,0
Prince Edward Island,March,2004,0
Prince Edward Island,March,2005,0
Prince Edward Island,March,2006,9
Prince Edward Island,March,2007,0
Prince Edward Island,March,2008,0
Prince Edward Island,March,2009,0
Prince Edward Island,March,2010,0
Prince Edward Island,March,2011,0
Prince Edward Island,March,2012,0
Prince Edward Island,March,2013,0
Prince Edward Island,March,2014,
Prince Edward Island,March,2015,
Prince Edward Island,March,2016,0
Prince Edward Island,March,2017,0
Prince Edward Island,May,2013,1
Prince Edward Island,May,2018,7
Prince Edward Island,May,1999,13
Prince Edward Island,May,2000,
Prince Edward Island,May,2001,7
Prince Edward Island,May,2002,13
Prince Edward Island,May,2003,7
Prince Edward Island,May,2004,14
Prince Edward Island,May,2005,1
Prince Edward Island,May,2006,13
Prince Edward Island,May,2007,4
Prince Edward Island,May,2008,0
Prince Edward Island,May,2009,5
Prince Edward Island,May,2010,3
Prince Edward Island,May,2011,1
Prince Edward Island,May,2012,3
Prince Edward Island,May,2013,3
Prince Edward Island,May,2014,1
Prince Edward Island,May,2015,
Prince Edward Island,May,2016,2
Prince Edward Island,May,2017,0
Prince Edward Island,November,2008,1
Prince Edward Island,November,1999,1
Prince Edward Island,November,2000,
Prince Edward Island,November,2001,1
Prince Edward Island,November,2002,0
Prince Edward Island,November,2003,1
Prince Edward Island,November,2004,0
Prince Edward Island,November,2005,1
Prince Edward Island,November,2006,1
Prince Edward Island,November,2007,0
Prince Edward Island,November,2008,0
Prince Edward Island,November,2009,0
Prince Edward Island,November,2010,0
Prince Edward Island,November,2011,0
Prince Edward Island,November,2012,0
Prince Edward Island,November,2013,0
Prince Edward Island,November,2014,
Prince Edward Island,November,2015,
Prince Edward Island,November,2016,0
Prince Edward Island,November,2017,0
Prince Edward Island,October,1999,2
Prince Edward Island,October,2000,
Prince Edward Island,October,2001,10
Prince Edward Island,October,2002,1
Prince Edward Island,October,2003,1
Prince Edward Island,October,2004,1
Prince Edward Island,October,2005,0
Prince Edward Island,October,2006,0
Prince Edward Island,October,2007,0
Prince Edward Island,October,2008,0
Prince Edward Island,October,2009,0
Prince Edward Island,October,2010,0
Prince Edward Island,October,2011,0
Prince Edward Island,October,2012,0
Prince Edward Island,October,2013,0
Prince Edward Island,October,2014,
Prince Edward Island,October,2015,
Prince Edward Island,October,2016,0
Prince Edward Island,October,2017,0
Prince Edward Island,September,2018,1
Prince Edward Island,September,1999,6
Prince Edward Island,September,2000,
Prince Edward Island,September,2001,6
Prince Edward Island,September,2002,3
Prince Edward Island,September,2003,2
Prince Edward Island,September,2004,0
Prince Edward Island,September,2005,0
Prince Edward Island,September,2006,0
Prince Edward Island,September,2007,0
Prince Edward Island,September,2008,0
Prince Edward Island,September,2009,0
Prince Edward Island,September,2010,0
Prince Edward Island,September,2011,1
Prince Edward Island,September,2012,0
Prince Edward Island,September,2013,0
Prince Edward Island,September,2014,1
Prince Edward Island,September,2015,
Prince Edward Island,September,2016,1
Prince Edward Island,September,2017,0
Prince Edward Island,Unspecified,1999,0
Prince Edward Island,Unspecified,2000,
Prince Edward Island,Unspecified,2001,0
Prince Edward Island,Unspecified,2002,0
Prince Edward Island,Unspecified,2003,0
Prince Edward Island,Unspecified,2004,0
Prince Edward Island,Unspecified,2005,0
Prince Edward Island,Unspecified,2006,0
Prince Edward Island,Unspecified,2007,0
Prince Edward Island,Unspecified,2008,0
Prince Edward Island,Unspecified,2009,0
Prince Edward Island,Unspecified,2010,0
Prince Edward Island,Unspecified,2011,0
Prince Edward Island,Unspecified,2012,0
Prince Edward Island,Unspecified,2013,0
Prince Edward Island,Unspecified,2014,
Prince Edward Island,Unspecified,2015,5
Prince Edward Island,Unspecified,2016,0
Prince Edward Island,Unspecified,2017,4
Quebec,April,1999,92
Quebec,April,2000,80
Quebec,April,2001,98
Quebec,April,2002,53
Quebec,April,2003,39
Quebec,April,2004,32
Quebec,April,2005,104
Quebec,April,2006,92
Quebec,April,2007,37
Quebec,April,2008,33
Quebec,April,2009,105
Quebec,April,2010,108
Quebec,April,2011,4
Quebec,April,2012,113
Quebec,April,2013,64
Quebec,April,2014,14
Quebec,April,2015,29
Quebec,April,2016,88
Quebec,April,2017,25
Quebec,April,2018,12
Quebec,April,2019,3
Quebec,April,2020,81
Quebec,August,1999,165
Quebec,August,2000,52
Quebec,August,2001,324
Quebec,August,2002,166
Quebec,August,2003,91
Quebec,August,2004,26
Quebec,August,2005,313
Quebec,August,2006,49
Quebec,August,2007,192
Quebec,August,2008,35
Quebec,August,2009,26
Quebec,August,2010,95
Quebec,August,2011,58
Quebec,August,2012,86
Quebec,August,2013,40
Quebec,August,2014,67
Quebec,August,2015,30
Quebec,August,2016,86
Quebec,August,2017,57
Quebec,August,2018,38
Quebec,August,2019,96
Quebec,August,2020,36
Quebec,December,2015,1
Quebec,December,2016,1
Quebec,February,2002,1
Quebec,February,2017,1
Quebec,July,1999,140
Quebec,July,2000,137
Quebec,July,2001,109
Quebec,July,2002,249
Quebec,July,2003,78
Quebec,July,2004,39
Quebec,July,2005,431
Quebec,July,2006,129
Quebec,July,2007,63
Quebec,July,2008,18
Quebec,July,2009,21
Quebec,July,2010,89
Quebec,July,2011,71
Quebec,July,2012,268
Quebec,July,2013,138
Quebec,July,2014,66
Quebec,July,2015,40
Quebec,July,2016,141
Quebec,July,2017,88
Quebec,July,2018,201
Quebec,July,2019,120
Quebec,July,2020,105
Quebec,June,1999,197
Quebec,June,2000,74
Quebec,June,2001,127
Quebec,June,2002,84
Quebec,June,2003,193
Quebec,June,2004,77
Quebec,June,2005,160
Quebec,June,2006,256
Quebec,June,2007,319
Quebec,June,2008,36
Quebec,June,2009,195
Quebec,June,2010,154
Quebec,June,2011,75
Quebec,June,2012,94
Quebec,June,2013,89
Quebec,June,2014,72
Quebec,June,2015,46
Quebec,June,2016,119
Quebec,June,2017,78
Quebec,June,2018,124
Quebec,June,2019,59
Quebec,June,2020,174
Quebec,March,2000,1
Quebec,March,2002,1
Quebec,March,2006,1
Quebec,March,2009,1
Quebec,March,2010,11
Quebec,March,2012,14
Quebec,March,2016,1
Quebec,March,2020,2
Quebec,May,1999,311
Quebec,May,2000,100
Quebec,May,2001,296
Quebec,May,2002,128
Quebec,May,2003,254
Quebec,May,2004,82
Quebec,May,2005,259
Quebec,May,2006,106
Quebec,May,2007,271
Quebec,May,2008,77
Quebec,May,2009,94
Quebec,May,2010,251
Quebec,May,2011,63
Quebec,May,2012,181
Quebec,May,2013,164
Quebec,May,2014,57
Quebec,May,2015,213
Quebec,May,2016,124
Quebec,May,2017,33
Quebec,May,2018,190
Quebec,May,2019,54
Quebec,May,2020,277
Quebec,November,1999,7
Quebec,November,2000,4
Quebec,November,2001,2
Quebec,November,2002,1
Quebec,November,2004,1
Quebec,November,2005,1
Quebec,November,2006,1
Quebec,November,2007,3
Quebec,November,2008,2
Quebec,November,2009,7
Quebec,November,2010,4
Quebec,November,2011,5
Quebec,November,2012,3
Quebec,November,2013,3
Quebec,November,2014,4
Quebec,November,2015,3
Quebec,November,2016,5
Quebec,November,2017,2
Quebec,November,2018,1
Quebec,November,2020,7
Quebec,October,1999,5
Quebec,October,2000,25
Quebec,October,2001,8
Quebec,October,2002,11
Quebec,October,2003,12
Quebec,October,2004,29
Quebec,October,2005,3
Quebec,October,2006,8
Quebec,October,2007,28
Quebec,October,2008,9
Quebec,October,2009,2
Quebec,October,2010,7
Quebec,October,2011,26
Quebec,October,2012,7
Quebec,October,2013,15
Quebec,October,2014,5
Quebec,October,2015,9
Quebec,October,2016,25
Quebec,October,2017,22
Quebec,October,2018,13
Quebec,October,2019,9
Quebec,October,2020,3
Quebec,September,1999,120
Quebec,September,2000,44
Quebec,September,2001,41
Quebec,September,2002,205
Quebec,September,2003,53
Quebec,September,2004,36
Quebec,September,2005,104
Quebec,September,2006,42
Quebec,September,2007,26
Quebec,September,2008,12
Quebec,September,2009,32
Quebec,September,2010,21
Quebec,September,2011,29
Quebec,September,2012,32
Quebec,September,2013,15
Quebec,September,2014,11
Quebec,September,2015,21
Quebec,September,2016,17
Quebec,September,2017,16
Quebec,September,2018,18
Quebec,September,2019,21
Quebec,September,2020,27
Quebec,Unspecified,2008,1
Quebec,Unspecified,2009,2
Saskatchewan,April,1999,51
Saskatchewan,April,2000,46
Saskatchewan,April,2001,121
Saskatchewan,April,2002,35
Saskatchewan,April,2003,48
Saskatchewan,April,2004,19
Saskatchewan,April,2005,15
Saskatchewan,April,2006,79
Saskatchewan,April,2007,44
Saskatchewan,April,2008,28
Saskatchewan,April,2009,59
Saskatchewan,April,2010,56
Saskatchewan,April,2011,20
Saskatchewan,April,2012,40
Saskatchewan,April,2013,4
Saskatchewan,April,2014,5
Saskatchewan,April,2015,74
Saskatchewan,April,2016,87
Saskatchewan,April,2017,16
Saskatchewan,April,2018,50
Saskatchewan,April,2019,41
Saskatchewan,April,2020,12
Saskatchewan,August,1999,158
Saskatchewan,August,2000,46
Saskatchewan,August,2001,154
Saskatchewan,August,2002,21
Saskatchewan,August,2003,146
Saskatchewan,August,2004,31
Saskatchewan,August,2005,17
Saskatchewan,August,2006,41
Saskatchewan,August,2007,47
Saskatchewan,August,2008,31
Saskatchewan,August,2009,17
Saskatchewan,August,2010,64
Saskatchewan,August,2011,15
Saskatchewan,August,2012,72
Saskatchewan,August,2013,115
Saskatchewan,August,2014,97
Saskatchewan,August,2015,38
Saskatchewan,August,2016,23
Saskatchewan,August,2017,138
Saskatchewan,August,2018,30
Saskatchewan,August,2019,14
Saskatchewan,August,2020,31
Saskatchewan,December,2006,9
Saskatchewan,December,2019,5
Saskatchewan,February,2001,1
Saskatchewan,February,2002,3
Saskatchewan,February,2004,2
Saskatchewan,February,2006,19
Saskatchewan,February,2020,2
Saskatchewan,January,2000,1
Saskatchewan,January,2001,4
Saskatchewan,January,2002,2
Saskatchewan,January,2006,11
Saskatchewan,January,2008,1
Saskatchewan,January,2009,1
Saskatchewan,January,2010,1
Saskatchewan,January,2019,1
Saskatchewan,January,2020,1
Saskatchewan,July,1999,252
Saskatchewan,July,2000,89
Saskatchewan,July,2001,116
Saskatchewan,July,2002,183
Saskatchewan,July,2003,221
Saskatchewan,July,2004,166
Saskatchewan,July,2005,191
Saskatchewan,July,2006,77
Saskatchewan,July,2007,124
Saskatchewan,July,2008,98
Saskatchewan,July,2009,14
Saskatchewan,July,2010,190
Saskatchewan,July,2011,19
Saskatchewan,July,2012,169
Saskatchewan,July,2013,48
Saskatchewan,July,2014,111
Saskatchewan,July,2015,148
Saskatchewan,July,2016,53
Saskatchewan,July,2017,72
Saskatchewan,July,2018,61
Saskatchewan,July,2019,58
Saskatchewan,July,2020,26
Saskatchewan,June,1999,158
Saskatchewan,June,2000,137
Saskatchewan,June,2001,200
Saskatchewan,June,2002,345
Saskatchewan,June,2003,73
Saskatchewan,June,2004,26
Saskatchewan,June,2005,32
Saskatchewan,June,2006,204
Saskatchewan,June,2007,76
Saskatchewan,June,2008,265
Saskatchewan,June,2009,201
Saskatchewan,June,2010,166
Saskatchewan,June,2011,68
Saskatchewan,June,2012,38
Saskatchewan,June,2013,51
Saskatchewan,June,2014,37
Saskatchewan,June,2015,258
Saskatchewan,June,2016,125
Saskatchewan,June,2017,15
Saskatchewan,June,2018,125
Saskatchewan,June,2019,59
Saskatchewan,June,2020,35
Saskatchewan,March,1999,1
Saskatchewan,March,2000,4
Saskatchewan,March,2001,3
Saskatchewan,March,2002,3
Saskatchewan,March,2004,1
Saskatchewan,March,2006,7
Saskatchewan,March,2010,1
Saskatchewan,March,2012,1
Saskatchewan,March,2015,1
Saskatchewan,March,2017,1
Saskatchewan,March,2020,2
Saskatchewan,May,1999,100
Saskatchewan,May,2000,72
Saskatchewan,May,2001,158
Saskatchewan,May,2002,292
Saskatchewan,May,2003,135
Saskatchewan,May,2004,80
Saskatchewan,May,2005,76
Saskatchewan,May,2006,60
Saskatchewan,May,2007,78
Saskatchewan,May,2008,161
Saskatchewan,May,2009,193
Saskatchewan,May,2010,103
Saskatchewan,May,2011,144
Saskatchewan,May,2012,89
Saskatchewan,May,2013,177
Saskatchewan,May,2014,142
Saskatchewan,May,2015,195
Saskatchewan,May,2016,111
Saskatchewan,May,2017,76
Saskatchewan,May,2018,178
Saskatchewan,May,2019,73
Saskatchewan,May,2020,49
Saskatchewan,November,1999,7
Saskatchewan,November,2004,1
Saskatchewan,November,2006,5
Saskatchewan,November,2009,1
Saskatchewan,November,2011,1
Saskatchewan,November,2012,2
Saskatchewan,November,2015,1
Saskatchewan,November,2019,2
Saskatchewan,November,2020,8
Saskatchewan,October,1999,7
Saskatchewan,October,2000,11
Saskatchewan,October,2001,44
Saskatchewan,October,2002,2
Saskatchewan,October,2003,20
Saskatchewan,October,2004,3
Saskatchewan,October,2005,2
Saskatchewan,October,2006,3
Saskatchewan,October,2007,2
Saskatchewan,October,2008,12
Saskatchewan,October,2010,1
Saskatchewan,October,2011,13
Saskatchewan,October,2012,2
Saskatchewan,October,2013,6
Saskatchewan,October,2014,3
Saskatchewan,October,2015,12
Saskatchewan,October,2017,13
Saskatchewan,October,2018,7
Saskatchewan,October,2019,3
Saskatchewan,October,2020,8
Saskatchewan,September,1999,6
Saskatchewan,September,2000,15
Saskatchewan,September,2001,74
Saskatchewan,September,2002,5
Saskatchewan,September,2003,15
Saskatchewan,September,2004,3
Saskatchewan,September,2005,5
Saskatchewan,September,2006,10
Saskatchewan,September,2007,3
Saskatchewan,September,2008,7
Saskatchewan,September,2009,29
Saskatchewan,September,2011,28
Saskatchewan,September,2012,15
Saskatchewan,September,2013,48
Saskatchewan,September,2014,10
Saskatchewan,September,2015,8
Saskatchewan,September,2016,9
Saskatchewan,September,2017,37
Saskatchewan,September,2018,1
Saskatchewan,September,2019,2
Saskatchewan,September,2020,27
Saskatchewan,Unspecified,2000,1
Saskatchewan,Unspecified,2002,6
Saskatchewan,Unspecified,2008,7
Saskatchewan,Unspecified,2009,27
Yukon,April,1999,2
Yukon,April,2001,1
Yukon,April,2003,3
Yukon,April,2005,1
Yukon,April,2006,1
Yukon,April,2007,1
Yukon,April,2011,1
Yukon,April,2014,1
Yukon,April,2016,2
Yukon,April,2017,3
Yukon,April,2018,1
Yukon,April,2019,4
Yukon,August,1999,61
Yukon,August,2001,9
Yukon,August,2002,4
Yukon,August,2003,4
Yukon,August,2004,33
Yukon,August,2005,4
Yukon,August,2006,5
Yukon,August,2007,15
Yukon,August,2008,10
Yukon,August,2009,16
Yukon,August,2010,10
Yukon,August,2011,1
Yukon,August,2012,19
Yukon,August,2013,39
Yukon,August,2014,5
Yukon,August,2015,2
Yukon,August,2016,8
Yukon,August,2017,25
Yukon,August,2018,11
Yukon,August,2019,4
Yukon,August,2020,1
Yukon,December,2008,6
Yukon,December,2009,3
Yukon,January,2010,1
Yukon,July,1999,36
Yukon,July,2000,3
Yukon,July,2001,20
Yukon,July,2002,19
Yukon,July,2003,20
Yukon,July,2004,100
Yukon,July,2005,20
Yukon,July,2006,36
Yukon,July,2007,25
Yukon,July,2008,6
Yukon,July,2009,60
Yukon,July,2010,18
Yukon,July,2011,14
Yukon,July,2012,29
Yukon,July,2013,29
Yukon,July,2014,10
Yukon,July,2015,5
Yukon,July,2016,19
Yukon,July,2017,32
Yukon,July,2018,21
Yukon,July,2019,64
Yukon,July,2020,4
Yukon,June,1999,49
Yukon,June,2000,36
Yukon,June,2001,30
Yukon,June,2002,30
Yukon,June,2003,30
Yukon,June,2004,138
Yukon,June,2005,45
Yukon,June,2006,32
Yukon,June,2007,50
Yukon,June,2008,40
Yukon,June,2009,30
Yukon,June,2010,38
Yukon,June,2011,13
Yukon,June,2012,74
Yukon,June,2013,100
Yukon,June,2014,14
Yukon,June,2015,83
Yukon,June,2016,15
Yukon,June,2017,45
Yukon,June,2018,11
Yukon,June,2019,18
Yukon,June,2020,10
Yukon,May,1999,10
Yukon,May,2000,8
Yukon,May,2001,8
Yukon,May,2002,17
Yukon,May,2003,13
Yukon,May,2004,5
Yukon,May,2005,12
Yukon,May,2006,3
Yukon,May,2007,10
Yukon,May,2008,11
Yukon,May,2009,9
Yukon,May,2010,20
Yukon,May,2011,24
Yukon,May,2012,4
Yukon,May,2013,7
Yukon,May,2014,4
Yukon,May,2015,95
Yukon,May,2016,8
Yukon,May,2017,9
Yukon,May,2018,6
Yukon,May,2019,25
Yukon,May,2020,7
Yukon,November,2003,5
Yukon,October,2004,1
Yukon,October,2006,1
Yukon,October,2007,10
Yukon,October,2008,1
Yukon,October,2010,2
Yukon,September,1999,1
Yukon,September,2003,2
Yukon,September,2004,5
Yukon,September,2005,1
Yukon,September,2006,2
Yukon,September,2008,2
Yukon,September,2011,3
Yukon,September,2012,1
Yukon,September,2013,2
Yukon,September,2015,1
Yukon,September,2016,1
Yukon,September,2017,1
Yukon,September,2018,1
Yukon,September,2019,3
Yukon,September,2020,2
Yukon,Unspecified,2000,8
Alberta,Unspecified,2021,1342
British Columbia,Unspecified,2021,1635
Manitoba,Unspecified,2021,460
New Brunswick,Unspecified,2021,180
Newfoundland and Labrador,Unspecified,2021,82
Nova Scotia,Unspecified,2021,113
Northwest Territories,Unspecified,2021,140
Ontario,Unspecified,2021,1198
Parks Canada,Unspecified,2021,73
Prince Edward Island,Unspecified,2021,1
Quebec,Unspecified,2021,625
Saskatchewan,Unspecified,2021,635
Yukon,Unspecified,2021,112
