Jurisdiction,Fire size class,Year,Number null
Alberta,Unspecified,2021,1342
Alberta,1000.1 - 10 000 ha,2020,2
Alberta,100.1 - 1 000 ha,2020,3
Alberta,10.1 - 100 ha,2020,14
Alberta,1.1 - 10 ha,2020,38
Alberta,0.11 - 1.0 ha,2020,110
Alberta,Up to 0.1 ha,2020,633
Alberta,Over 100 000 ha,2019,2
Alberta,1000.1 - 10 000 ha,2019,15
Alberta,10 000.1 - 100 000 ha,2019,7
Alberta,100.1 - 1 000 ha,2019,29
Alberta,10.1 - 100 ha,2019,42
Alberta,1.1 - 10 ha,2019,103
Alberta,0.11 - 1.0 ha,2019,212
Alberta,Up to 0.1 ha,2019,671
Alberta,1000.1 - 10 000 ha,2018,18
Alberta,10 000.1 - 100 000 ha,2018,1
Alberta,100.1 - 1 000 ha,2018,16
Alberta,10.1 - 100 ha,2018,56
Alberta,1.1 - 10 ha,2018,122
Alberta,0.11 - 1.0 ha,2018,284
Alberta,Up to 0.1 ha,2018,885
Alberta,1000.1 - 10 000 ha,2017,9
Alberta,10 000.1 - 100 000 ha,2017,6
Alberta,100.1 - 1 000 ha,2017,23
Alberta,10.1 - 100 ha,2017,48
Alberta,1.1 - 10 ha,2017,83
Alberta,0.11 - 1.0 ha,2017,257
Alberta,Up to 0.1 ha,2017,904
Alberta,Over 100 000 ha,2016,1
Alberta,1000.1 - 10 000 ha,2016,3
Alberta,10 000.1 - 100 000 ha,2016,1
Alberta,100.1 - 1 000 ha,2016,16
Alberta,10.1 - 100 ha,2016,50
Alberta,1.1 - 10 ha,2016,133
Alberta,0.11 - 1.0 ha,2016,329
Alberta,Up to 0.1 ha,2016,952
Alberta,Over 100 000 ha,2015,1
Alberta,1000.1 - 10 000 ha,2015,31
Alberta,10 000.1 - 100 000 ha,2015,23
Alberta,100.1 - 1 000 ha,2015,55
Alberta,10.1 - 100 ha,2015,85
Alberta,1.1 - 10 ha,2015,188
Alberta,0.11 - 1.0 ha,2015,426
Alberta,Up to 0.1 ha,2015,1143
Alberta,1000.1 - 10 000 ha,2014,9
Alberta,10 000.1 - 100 000 ha,2014,6
Alberta,100.1 - 1 000 ha,2014,9
Alberta,10.1 - 100 ha,2014,49
Alberta,1.1 - 10 ha,2014,131
Alberta,0.11 - 1.0 ha,2014,290
Alberta,Up to 0.1 ha,2014,1012
Alberta,1000.1 - 10 000 ha,2013,9
Alberta,10 000.1 - 100 000 ha,2013,1
Alberta,100.1 - 1 000 ha,2013,15
Alberta,10.1 - 100 ha,2013,52
Alberta,1.1 - 10 ha,2013,95
Alberta,0.11 - 1.0 ha,2013,192
Alberta,Up to 0.1 ha,2013,915
Alberta,Over 100 000 ha,2012,2
Alberta,1000.1 - 10 000 ha,2012,25
Alberta,10 000.1 - 100 000 ha,2012,12
Alberta,100.1 - 1 000 ha,2012,20
Alberta,10.1 - 100 ha,2012,41
Alberta,1.1 - 10 ha,2012,114
Alberta,0.11 - 1.0 ha,2012,308
Alberta,Up to 0.1 ha,2012,1124
Alberta,Over 100 000 ha,2011,1
Alberta,1000.1 - 10 000 ha,2011,11
Alberta,10 000.1 - 100 000 ha,2011,9
Alberta,100.1 - 1 000 ha,2011,20
Alberta,10.1 - 100 ha,2011,46
Alberta,1.1 - 10 ha,2011,94
Alberta,0.11 - 1.0 ha,2011,253
Alberta,Up to 0.1 ha,2011,774
Alberta,1000.1 - 10 000 ha,2010,8
Alberta,10 000.1 - 100 000 ha,2010,2
Alberta,100.1 - 1 000 ha,2010,18
Alberta,10.1 - 100 ha,2010,76
Alberta,1.1 - 10 ha,2010,209
Alberta,0.11 - 1.0 ha,2010,410
Alberta,Up to 0.1 ha,2010,1226
Alberta,1000.1 - 10 000 ha,2009,11
Alberta,10 000.1 - 100 000 ha,2009,3
Alberta,100.1 - 1 000 ha,2009,19
Alberta,10.1 - 100 ha,2009,50
Alberta,1.1 - 10 ha,2009,140
Alberta,0.11 - 1.0 ha,2009,312
Alberta,Up to 0.1 ha,2009,1180
Alberta,1000.1 - 10 000 ha,2008,6
Alberta,10 000.1 - 100 000 ha,2008,1
Alberta,100.1 - 1 000 ha,2008,17
Alberta,10.1 - 100 ha,2008,54
Alberta,1.1 - 10 ha,2008,149
Alberta,0.11 - 1.0 ha,2008,354
Alberta,Up to 0.1 ha,2008,1214
Alberta,Over 100 000 ha,2007,1
Alberta,1000.1 - 10 000 ha,2007,5
Alberta,10 000.1 - 100 000 ha,2007,3
Alberta,100.1 - 1 000 ha,2007,17
Alberta,10.1 - 100 ha,2007,34
Alberta,1.1 - 10 ha,2007,99
Alberta,0.11 - 1.0 ha,2007,254
Alberta,Up to 0.1 ha,2007,965
Alberta,1000.1 - 10 000 ha,2006,25
Alberta,10 000.1 - 100 000 ha,2006,3
Alberta,100.1 - 1 000 ha,2006,28
Alberta,10.1 - 100 ha,2006,74
Alberta,1.1 - 10 ha,2006,128
Alberta,0.11 - 1.0 ha,2006,451
Alberta,Up to 0.1 ha,2006,1398
Alberta,1000.1 - 10 000 ha,2005,8
Alberta,10 000.1 - 100 000 ha,2005,2
Alberta,100.1 - 1 000 ha,2005,18
Alberta,10.1 - 100 ha,2005,55
Alberta,1.1 - 10 ha,2005,138
Alberta,0.11 - 1.0 ha,2005,309
Alberta,Up to 0.1 ha,2005,895
Alberta,Over 100 000 ha,2004,1
Alberta,1000.1 - 10 000 ha,2004,15
Alberta,10 000.1 - 100 000 ha,2004,8
Alberta,100.1 - 1 000 ha,2004,33
Alberta,10.1 - 100 ha,2004,58
Alberta,1.1 - 10 ha,2004,172
Alberta,0.11 - 1.0 ha,2004,391
Alberta,Up to 0.1 ha,2004,1005
Alberta,1000.1 - 10 000 ha,2003,11
Alberta,10 000.1 - 100 000 ha,2003,4
Alberta,100.1 - 1 000 ha,2003,14
Alberta,10.1 - 100 ha,2003,31
Alberta,1.1 - 10 ha,2003,114
Alberta,0.11 - 1.0 ha,2003,243
Alberta,Up to 0.1 ha,2003,840
Alberta,Over 100 000 ha,2002,2
Alberta,1000.1 - 10 000 ha,2002,16
Alberta,10 000.1 - 100 000 ha,2002,2
Alberta,100.1 - 1 000 ha,2002,14
Alberta,10.1 - 100 ha,2002,52
Alberta,1.1 - 10 ha,2002,176
Alberta,0.11 - 1.0 ha,2002,341
Alberta,Up to 0.1 ha,2002,890
Alberta,Over 100 000 ha,2001,1
Alberta,1000.1 - 10 000 ha,2001,8
Alberta,10 000.1 - 100 000 ha,2001,1
Alberta,100.1 - 1 000 ha,2001,25
Alberta,10.1 - 100 ha,2001,30
Alberta,1.1 - 10 ha,2001,162
Alberta,0.11 - 1.0 ha,2001,290
Alberta,Up to 0.1 ha,2001,507
Alberta,1000.1 - 10 000 ha,2000,11
Alberta,100.1 - 1 000 ha,2000,19
Alberta,10.1 - 100 ha,2000,56
Alberta,1.1 - 10 ha,2000,172
Alberta,0.11 - 1.0 ha,2000,261
Alberta,Up to 0.1 ha,2000,345
Alberta,1000.1 - 10 000 ha,1999,24
Alberta,10 000.1 - 100 000 ha,1999,2
Alberta,100.1 - 1 000 ha,1999,36
Alberta,10.1 - 100 ha,1999,86
Alberta,1.1 - 10 ha,1999,239
Alberta,0.11 - 1.0 ha,1999,400
Alberta,Up to 0.1 ha,1999,584
Alberta,Over 100 000 ha,1998,2
Alberta,1000.1 - 10 000 ha,1998,23
Alberta,10 000.1 - 100 000 ha,1998,14
Alberta,100.1 - 1 000 ha,1998,49
Alberta,10.1 - 100 ha,1998,105
Alberta,1.1 - 10 ha,1998,323
Alberta,0.11 - 1.0 ha,1998,548
Alberta,Up to 0.1 ha,1998,674
Alberta,1000.1 - 10 000 ha,1997,1
Alberta,100.1 - 1 000 ha,1997,4
Alberta,10.1 - 100 ha,1997,20
Alberta,1.1 - 10 ha,1997,85
Alberta,0.11 - 1.0 ha,1997,163
Alberta,Up to 0.1 ha,1997,190
Alberta,1000.1 - 10 000 ha,1996,2
Alberta,100.1 - 1 000 ha,1996,5
Alberta,10.1 - 100 ha,1996,12
Alberta,1.1 - 10 ha,1996,78
Alberta,0.11 - 1.0 ha,1996,114
Alberta,Up to 0.1 ha,1996,187
Alberta,Over 100 000 ha,1995,2
Alberta,1000.1 - 10 000 ha,1995,8
Alberta,10 000.1 - 100 000 ha,1995,2
Alberta,100.1 - 1 000 ha,1995,12
Alberta,10.1 - 100 ha,1995,53
Alberta,1.1 - 10 ha,1995,173
Alberta,0.11 - 1.0 ha,1995,240
Alberta,Up to 0.1 ha,1995,318
Alberta,1000.1 - 10 000 ha,1994,6
Alberta,10 000.1 - 100 000 ha,1994,3
Alberta,100.1 - 1 000 ha,1994,17
Alberta,10.1 - 100 ha,1994,51
Alberta,1.1 - 10 ha,1994,167
Alberta,0.11 - 1.0 ha,1994,292
Alberta,Up to 0.1 ha,1994,395
Alberta,1000.1 - 10 000 ha,1993,5
Alberta,100.1 - 1 000 ha,1993,21
Alberta,10.1 - 100 ha,1993,56
Alberta,1.1 - 10 ha,1993,170
Alberta,0.11 - 1.0 ha,1993,273
Alberta,Up to 0.1 ha,1993,351
Alberta,100.1 - 1 000 ha,1992,9
Alberta,10.1 - 100 ha,1992,32
Alberta,1.1 - 10 ha,1992,122
Alberta,0.11 - 1.0 ha,1992,272
Alberta,Up to 0.1 ha,1992,626
Alberta,1000.1 - 10 000 ha,1991,1
Alberta,100.1 - 1 000 ha,1991,12
Alberta,10.1 - 100 ha,1991,44
Alberta,1.1 - 10 ha,1991,149
Alberta,0.11 - 1.0 ha,1991,273
Alberta,Up to 0.1 ha,1991,465
Alberta,1000.1 - 10 000 ha,1990,3
Alberta,10 000.1 - 100 000 ha,1990,3
Alberta,100.1 - 1 000 ha,1990,23
Alberta,10.1 - 100 ha,1990,54
Alberta,1.1 - 10 ha,1990,160
Alberta,0.11 - 1.0 ha,1990,380
Alberta,Up to 0.1 ha,1990,743
British Columbia,Unspecified,2021,1635
British Columbia,1000.1 - 10 000 ha,2020,4
British Columbia,100.1 - 1 000 ha,2020,4
British Columbia,10.1 - 100 ha,2020,33
British Columbia,1.1 - 10 ha,2020,79
British Columbia,0.11 - 1.0 ha,2020,152
British Columbia,Up to 0.1 ha,2020,412
British Columbia,1000.1 - 10 000 ha,2019,5
British Columbia,100.1 - 1 000 ha,2019,12
British Columbia,10.1 - 100 ha,2019,36
British Columbia,1.1 - 10 ha,2019,114
British Columbia,0.11 - 1.0 ha,2019,177
British Columbia,Up to 0.1 ha,2019,499
British Columbia,Over 100 000 ha,2018,3
British Columbia,1000.1 - 10 000 ha,2018,61
British Columbia,10 000.1 - 100 000 ha,2018,22
British Columbia,100.1 - 1 000 ha,2018,138
British Columbia,10.1 - 100 ha,2018,195
British Columbia,1.1 - 10 ha,2018,251
British Columbia,0.11 - 1.0 ha,2018,418
British Columbia,Up to 0.1 ha,2018,1035
British Columbia,Over 100 000 ha,2017,3
British Columbia,1000.1 - 10 000 ha,2017,37
British Columbia,10 000.1 - 100 000 ha,2017,8
British Columbia,100.1 - 1 000 ha,2017,44
British Columbia,10.1 - 100 ha,2017,86
British Columbia,1.1 - 10 ha,2017,157
British Columbia,0.11 - 1.0 ha,2017,287
British Columbia,Up to 0.1 ha,2017,778
British Columbia,1000.1 - 10 000 ha,2016,2
British Columbia,10 000.1 - 100 000 ha,2016,2
British Columbia,100.1 - 1 000 ha,2016,25
British Columbia,10.1 - 100 ha,2016,75
British Columbia,1.1 - 10 ha,2016,107
British Columbia,0.11 - 1.0 ha,2016,210
British Columbia,Up to 0.1 ha,2016,654
British Columbia,1000.1 - 10 000 ha,2015,28
British Columbia,10 000.1 - 100 000 ha,2015,9
British Columbia,100.1 - 1 000 ha,2015,52
British Columbia,10.1 - 100 ha,2015,86
British Columbia,1.1 - 10 ha,2015,224
British Columbia,0.11 - 1.0 ha,2015,385
British Columbia,Up to 0.1 ha,2015,1087
British Columbia,Over 100 000 ha,2014,1
British Columbia,1000.1 - 10 000 ha,2014,16
British Columbia,10 000.1 - 100 000 ha,2014,5
British Columbia,100.1 - 1 000 ha,2014,31
British Columbia,10.1 - 100 ha,2014,87
British Columbia,1.1 - 10 ha,2014,187
British Columbia,0.11 - 1.0 ha,2014,306
British Columbia,Up to 0.1 ha,2014,845
British Columbia,1000.1 - 10 000 ha,2013,5
British Columbia,100.1 - 1 000 ha,2013,16
British Columbia,10.1 - 100 ha,2013,86
British Columbia,1.1 - 10 ha,2013,195
British Columbia,0.11 - 1.0 ha,2013,355
British Columbia,Up to 0.1 ha,2013,1222
British Columbia,1000.1 - 10 000 ha,2012,16
British Columbia,10 000.1 - 100 000 ha,2012,2
British Columbia,100.1 - 1 000 ha,2012,24
British Columbia,10.1 - 100 ha,2012,94
British Columbia,1.1 - 10 ha,2012,194
British Columbia,0.11 - 1.0 ha,2012,332
British Columbia,Up to 0.1 ha,2012,997
British Columbia,10 000.1 - 100 000 ha,2011,1
British Columbia,100.1 - 1 000 ha,2011,5
British Columbia,10.1 - 100 ha,2011,23
British Columbia,1.1 - 10 ha,2011,80
British Columbia,0.11 - 1.0 ha,2011,131
British Columbia,Up to 0.1 ha,2011,444
British Columbia,1000.1 - 10 000 ha,2010,32
British Columbia,10 000.1 - 100 000 ha,2010,9
British Columbia,100.1 - 1 000 ha,2010,43
British Columbia,10.1 - 100 ha,2010,99
British Columbia,1.1 - 10 ha,2010,217
British Columbia,0.11 - 1.0 ha,2010,336
British Columbia,Up to 0.1 ha,2010,995
British Columbia,1000.1 - 10 000 ha,2009,30
British Columbia,10 000.1 - 100 000 ha,2009,3
British Columbia,100.1 - 1 000 ha,2009,81
British Columbia,10.1 - 100 ha,2009,165
British Columbia,1.1 - 10 ha,2009,258
British Columbia,0.11 - 1.0 ha,2009,553
British Columbia,Up to 0.1 ha,2009,2011
British Columbia,1000.1 - 10 000 ha,2008,3
British Columbia,100.1 - 1 000 ha,2008,16
British Columbia,10.1 - 100 ha,2008,72
British Columbia,1.1 - 10 ha,2008,169
British Columbia,0.11 - 1.0 ha,2008,387
British Columbia,Up to 0.1 ha,2008,1411
British Columbia,1000.1 - 10 000 ha,2007,7
British Columbia,100.1 - 1 000 ha,2007,17
British Columbia,10.1 - 100 ha,2007,55
British Columbia,1.1 - 10 ha,2007,134
British Columbia,0.11 - 1.0 ha,2007,348
British Columbia,Up to 0.1 ha,2007,1080
British Columbia,1000.1 - 10 000 ha,2006,21
British Columbia,10 000.1 - 100 000 ha,2006,4
British Columbia,100.1 - 1 000 ha,2006,65
British Columbia,10.1 - 100 ha,2006,128
British Columbia,1.1 - 10 ha,2006,284
British Columbia,0.11 - 1.0 ha,2006,440
British Columbia,Up to 0.1 ha,2006,1645
British Columbia,1000.1 - 10 000 ha,2005,5
British Columbia,10 000.1 - 100 000 ha,2005,1
British Columbia,100.1 - 1 000 ha,2005,18
British Columbia,10.1 - 100 ha,2005,50
British Columbia,1.1 - 10 ha,2005,122
British Columbia,0.11 - 1.0 ha,2005,215
British Columbia,Up to 0.1 ha,2005,595
British Columbia,1000.1 - 10 000 ha,2004,21
British Columbia,10 000.1 - 100 000 ha,2004,6
British Columbia,100.1 - 1 000 ha,2004,50
British Columbia,10.1 - 100 ha,2004,113
British Columbia,1.1 - 10 ha,2004,257
British Columbia,0.11 - 1.0 ha,2004,478
British Columbia,Up to 0.1 ha,2004,1493
British Columbia,1000.1 - 10 000 ha,2003,36
British Columbia,10 000.1 - 100 000 ha,2003,6
British Columbia,100.1 - 1 000 ha,2003,63
British Columbia,10.1 - 100 ha,2003,116
British Columbia,1.1 - 10 ha,2003,267
British Columbia,0.11 - 1.0 ha,2003,514
British Columbia,Up to 0.1 ha,2003,1488
British Columbia,1000.1 - 10 000 ha,2002,2
British Columbia,100.1 - 1 000 ha,2002,9
British Columbia,10.1 - 100 ha,2002,59
British Columbia,1.1 - 10 ha,2002,226
British Columbia,0.11 - 1.0 ha,2002,423
British Columbia,Up to 0.1 ha,2002,1076
British Columbia,1000.1 - 10 000 ha,2001,3
British Columbia,100.1 - 1 000 ha,2001,11
British Columbia,10.1 - 100 ha,2001,39
British Columbia,1.1 - 10 ha,2001,190
British Columbia,0.11 - 1.0 ha,2001,302
British Columbia,Up to 0.1 ha,2001,775
British Columbia,1000.1 - 10 000 ha,2000,2
British Columbia,100.1 - 1 000 ha,2000,13
British Columbia,10.1 - 100 ha,2000,61
British Columbia,1.1 - 10 ha,2000,187
British Columbia,0.11 - 1.0 ha,2000,330
British Columbia,Up to 0.1 ha,2000,958
British Columbia,1000.1 - 10 000 ha,1999,3
British Columbia,100.1 - 1 000 ha,1999,17
British Columbia,10.1 - 100 ha,1999,59
British Columbia,1.1 - 10 ha,1999,140
British Columbia,0.11 - 1.0 ha,1999,235
British Columbia,Up to 0.1 ha,1999,744
British Columbia,1000.1 - 10 000 ha,1998,10
British Columbia,10 000.1 - 100 000 ha,1998,2
British Columbia,100.1 - 1 000 ha,1998,39
British Columbia,10.1 - 100 ha,1998,94
British Columbia,1.1 - 10 ha,1998,321
British Columbia,0.11 - 1.0 ha,1998,584
British Columbia,Up to 0.1 ha,1998,1613
British Columbia,1000.1 - 10 000 ha,1997,1
British Columbia,100.1 - 1 000 ha,1997,4
British Columbia,10.1 - 100 ha,1997,22
British Columbia,1.1 - 10 ha,1997,122
British Columbia,0.11 - 1.0 ha,1997,205
British Columbia,Up to 0.1 ha,1997,822
British Columbia,1000.1 - 10 000 ha,1996,3
British Columbia,100.1 - 1 000 ha,1996,12
British Columbia,10.1 - 100 ha,1996,31
British Columbia,1.1 - 10 ha,1996,123
British Columbia,0.11 - 1.0 ha,1996,261
British Columbia,Up to 0.1 ha,1996,930
British Columbia,1000.1 - 10 000 ha,1995,5
British Columbia,10 000.1 - 100 000 ha,1995,2
British Columbia,100.1 - 1 000 ha,1995,8
British Columbia,10.1 - 100 ha,1995,51
British Columbia,1.1 - 10 ha,1995,226
British Columbia,0.11 - 1.0 ha,1995,314
British Columbia,Up to 0.1 ha,1995,868
British Columbia,1000.1 - 10 000 ha,1994,7
British Columbia,100.1 - 1 000 ha,1994,25
British Columbia,10.1 - 100 ha,1994,114
British Columbia,1.1 - 10 ha,1994,314
British Columbia,0.11 - 1.0 ha,1994,689
British Columbia,Up to 0.1 ha,1994,2908
British Columbia,100.1 - 1 000 ha,1993,9
British Columbia,10.1 - 100 ha,1993,70
British Columbia,1.1 - 10 ha,1993,211
British Columbia,0.11 - 1.0 ha,1993,234
British Columbia,Up to 0.1 ha,1993,973
British Columbia,1000.1 - 10 000 ha,1992,7
British Columbia,100.1 - 1 000 ha,1992,27
British Columbia,10.1 - 100 ha,1992,86
British Columbia,1.1 - 10 ha,1992,268
British Columbia,0.11 - 1.0 ha,1992,722
British Columbia,Up to 0.1 ha,1992,2695
British Columbia,1000.1 - 10 000 ha,1991,5
British Columbia,100.1 - 1 000 ha,1991,28
British Columbia,10.1 - 100 ha,1991,80
British Columbia,1.1 - 10 ha,1991,274
British Columbia,0.11 - 1.0 ha,1991,378
British Columbia,Up to 0.1 ha,1991,1249
British Columbia,1000.1 - 10 000 ha,1990,10
British Columbia,10 000.1 - 100 000 ha,1990,2
British Columbia,100.1 - 1 000 ha,1990,40
British Columbia,10.1 - 100 ha,1990,122
British Columbia,1.1 - 10 ha,1990,315
British Columbia,0.11 - 1.0 ha,1990,666
British Columbia,Up to 0.1 ha,1990,2100
Manitoba,Unspecified,2021,460
Manitoba,1000.1 - 10 000 ha,2020,6
Manitoba,10 000.1 - 100 000 ha,2020,1
Manitoba,100.1 - 1 000 ha,2020,16
Manitoba,10.1 - 100 ha,2020,30
Manitoba,1.1 - 10 ha,2020,42
Manitoba,0.11 - 1.0 ha,2020,33
Manitoba,Up to 0.1 ha,2020,27
Manitoba,1000.1 - 10 000 ha,2019,7
Manitoba,10 000.1 - 100 000 ha,2019,2
Manitoba,100.1 - 1 000 ha,2019,29
Manitoba,10.1 - 100 ha,2019,67
Manitoba,1.1 - 10 ha,2019,59
Manitoba,0.11 - 1.0 ha,2019,66
Manitoba,Up to 0.1 ha,2019,54
Manitoba,1000.1 - 10 000 ha,2018,25
Manitoba,10 000.1 - 100 000 ha,2018,5
Manitoba,100.1 - 1 000 ha,2018,43
Manitoba,10.1 - 100 ha,2018,73
Manitoba,1.1 - 10 ha,2018,93
Manitoba,0.11 - 1.0 ha,2018,122
Manitoba,Up to 0.1 ha,2018,122
Manitoba,1000.1 - 10 000 ha,2017,40
Manitoba,10 000.1 - 100 000 ha,2017,5
Manitoba,100.1 - 1 000 ha,2017,68
Manitoba,10.1 - 100 ha,2017,81
Manitoba,1.1 - 10 ha,2017,88
Manitoba,0.11 - 1.0 ha,2017,140
Manitoba,Up to 0.1 ha,2017,144
Manitoba,1000.1 - 10 000 ha,2016,7
Manitoba,10 000.1 - 100 000 ha,2016,1
Manitoba,100.1 - 1 000 ha,2016,23
Manitoba,10.1 - 100 ha,2016,35
Manitoba,1.1 - 10 ha,2016,49
Manitoba,0.11 - 1.0 ha,2016,42
Manitoba,Up to 0.1 ha,2016,50
Manitoba,1000.1 - 10 000 ha,2015,17
Manitoba,100.1 - 1 000 ha,2015,42
Manitoba,10.1 - 100 ha,2015,64
Manitoba,1.1 - 10 ha,2015,129
Manitoba,0.11 - 1.0 ha,2015,102
Manitoba,Up to 0.1 ha,2015,109
Manitoba,1000.1 - 10 000 ha,2014,7
Manitoba,100.1 - 1 000 ha,2014,20
Manitoba,10.1 - 100 ha,2014,31
Manitoba,1.1 - 10 ha,2014,47
Manitoba,0.11 - 1.0 ha,2014,70
Manitoba,Up to 0.1 ha,2014,71
Manitoba,Over 100 000 ha,2013,2
Manitoba,1000.1 - 10 000 ha,2013,31
Manitoba,10 000.1 - 100 000 ha,2013,23
Manitoba,100.1 - 1 000 ha,2013,44
Manitoba,10.1 - 100 ha,2013,55
Manitoba,1.1 - 10 ha,2013,86
Manitoba,0.11 - 1.0 ha,2013,130
Manitoba,Up to 0.1 ha,2013,125
Manitoba,1000.1 - 10 000 ha,2012,29
Manitoba,10 000.1 - 100 000 ha,2012,6
Manitoba,100.1 - 1 000 ha,2012,43
Manitoba,10.1 - 100 ha,2012,65
Manitoba,1.1 - 10 ha,2012,84
Manitoba,0.11 - 1.0 ha,2012,157
Manitoba,Up to 0.1 ha,2012,115
Manitoba,1000.1 - 10 000 ha,2011,6
Manitoba,10 000.1 - 100 000 ha,2011,4
Manitoba,100.1 - 1 000 ha,2011,13
Manitoba,10.1 - 100 ha,2011,23
Manitoba,1.1 - 10 ha,2011,64
Manitoba,0.11 - 1.0 ha,2011,104
Manitoba,Up to 0.1 ha,2011,109
Manitoba,1000.1 - 10 000 ha,2010,24
Manitoba,10 000.1 - 100 000 ha,2010,4
Manitoba,100.1 - 1 000 ha,2010,43
Manitoba,10.1 - 100 ha,2010,52
Manitoba,1.1 - 10 ha,2010,126
Manitoba,0.11 - 1.0 ha,2010,172
Manitoba,Up to 0.1 ha,2010,168
Manitoba,100.1 - 1 000 ha,2009,6
Manitoba,10.1 - 100 ha,2009,25
Manitoba,1.1 - 10 ha,2009,47
Manitoba,0.11 - 1.0 ha,2009,60
Manitoba,Up to 0.1 ha,2009,48
Manitoba,1000.1 - 10 000 ha,2008,18
Manitoba,10 000.1 - 100 000 ha,2008,3
Manitoba,100.1 - 1 000 ha,2008,15
Manitoba,10.1 - 100 ha,2008,41
Manitoba,1.1 - 10 ha,2008,85
Manitoba,0.11 - 1.0 ha,2008,136
Manitoba,Up to 0.1 ha,2008,100
Manitoba,1000.1 - 10 000 ha,2007,14
Manitoba,10 000.1 - 100 000 ha,2007,9
Manitoba,100.1 - 1 000 ha,2007,18
Manitoba,10.1 - 100 ha,2007,31
Manitoba,1.1 - 10 ha,2007,77
Manitoba,0.11 - 1.0 ha,2007,123
Manitoba,Up to 0.1 ha,2007,111
Manitoba,1000.1 - 10 000 ha,2006,22
Manitoba,10 000.1 - 100 000 ha,2006,5
Manitoba,100.1 - 1 000 ha,2006,23
Manitoba,10.1 - 100 ha,2006,43
Manitoba,1.1 - 10 ha,2006,100
Manitoba,0.11 - 1.0 ha,2006,236
Manitoba,Up to 0.1 ha,2006,255
Manitoba,1000.1 - 10 000 ha,2005,13
Manitoba,10 000.1 - 100 000 ha,2005,1
Manitoba,100.1 - 1 000 ha,2005,19
Manitoba,10.1 - 100 ha,2005,17
Manitoba,1.1 - 10 ha,2005,65
Manitoba,0.11 - 1.0 ha,2005,78
Manitoba,Up to 0.1 ha,2005,61
Manitoba,1000.1 - 10 000 ha,2004,6
Manitoba,100.1 - 1 000 ha,2004,23
Manitoba,10.1 - 100 ha,2004,15
Manitoba,1.1 - 10 ha,2004,12
Manitoba,Up to 0.1 ha,2004,1
Manitoba,1000.1 - 10 000 ha,2003,57
Manitoba,10 000.1 - 100 000 ha,2003,23
Manitoba,100.1 - 1 000 ha,2003,57
Manitoba,10.1 - 100 ha,2003,204
Manitoba,1.1 - 10 ha,2003,313
Manitoba,0.11 - 1.0 ha,2003,555
Manitoba,1000.1 - 10 000 ha,2002,17
Manitoba,10 000.1 - 100 000 ha,2002,2
Manitoba,100.1 - 1 000 ha,2002,39
Manitoba,10.1 - 100 ha,2002,106
Manitoba,1.1 - 10 ha,2002,258
Manitoba,0.11 - 1.0 ha,2002,338
Manitoba,1000.1 - 10 000 ha,2001,20
Manitoba,100.1 - 1 000 ha,2001,35
Manitoba,10.1 - 100 ha,2001,60
Manitoba,1.1 - 10 ha,2001,202
Manitoba,0.11 - 1.0 ha,2001,215
Manitoba,Up to 0.1 ha,2001,1
Manitoba,1000.1 - 10 000 ha,2000,15
Manitoba,10 000.1 - 100 000 ha,2000,2
Manitoba,100.1 - 1 000 ha,2000,24
Manitoba,10.1 - 100 ha,2000,47
Manitoba,1.1 - 10 ha,2000,121
Manitoba,0.11 - 1.0 ha,2000,148
Manitoba,1000.1 - 10 000 ha,1999,15
Manitoba,10 000.1 - 100 000 ha,1999,3
Manitoba,100.1 - 1 000 ha,1999,46
Manitoba,10.1 - 100 ha,1999,72
Manitoba,1.1 - 10 ha,1999,182
Manitoba,0.11 - 1.0 ha,1999,169
Manitoba,Up to 0.1 ha,1999,126
Manitoba,Over 100 000 ha,1998,1
Manitoba,1000.1 - 10 000 ha,1998,18
Manitoba,10 000.1 - 100 000 ha,1998,8
Manitoba,100.1 - 1 000 ha,1998,25
Manitoba,10.1 - 100 ha,1998,78
Manitoba,1.1 - 10 ha,1998,151
Manitoba,0.11 - 1.0 ha,1998,132
Manitoba,Up to 0.1 ha,1998,103
Manitoba,1000.1 - 10 000 ha,1997,8
Manitoba,100.1 - 1 000 ha,1997,24
Manitoba,10.1 - 100 ha,1997,54
Manitoba,1.1 - 10 ha,1997,92
Manitoba,0.11 - 1.0 ha,1997,130
Manitoba,Up to 0.1 ha,1997,65
Manitoba,1000.1 - 10 000 ha,1996,20
Manitoba,10 000.1 - 100 000 ha,1996,3
Manitoba,100.1 - 1 000 ha,1996,26
Manitoba,10.1 - 100 ha,1996,60
Manitoba,1.1 - 10 ha,1996,113
Manitoba,0.11 - 1.0 ha,1996,119
Manitoba,Up to 0.1 ha,1996,83
Manitoba,1000.1 - 10 000 ha,1995,35
Manitoba,10 000.1 - 100 000 ha,1995,26
Manitoba,100.1 - 1 000 ha,1995,30
Manitoba,10.1 - 100 ha,1995,80
Manitoba,1.1 - 10 ha,1995,117
Manitoba,0.11 - 1.0 ha,1995,232
Manitoba,Up to 0.1 ha,1995,142
Manitoba,Over 100 000 ha,1994,4
Manitoba,1000.1 - 10 000 ha,1994,21
Manitoba,10 000.1 - 100 000 ha,1994,15
Manitoba,100.1 - 1 000 ha,1994,49
Manitoba,10.1 - 100 ha,1994,83
Manitoba,1.1 - 10 ha,1994,126
Manitoba,0.11 - 1.0 ha,1994,164
Manitoba,Up to 0.1 ha,1994,93
Manitoba,1000.1 - 10 000 ha,1993,3
Manitoba,10 000.1 - 100 000 ha,1993,3
Manitoba,100.1 - 1 000 ha,1993,19
Manitoba,10.1 - 100 ha,1993,31
Manitoba,1.1 - 10 ha,1993,55
Manitoba,0.11 - 1.0 ha,1993,73
Manitoba,Up to 0.1 ha,1993,55
Manitoba,Over 100 000 ha,1992,1
Manitoba,1000.1 - 10 000 ha,1992,9
Manitoba,10 000.1 - 100 000 ha,1992,6
Manitoba,100.1 - 1 000 ha,1992,16
Manitoba,10.1 - 100 ha,1992,37
Manitoba,1.1 - 10 ha,1992,78
Manitoba,0.11 - 1.0 ha,1992,94
Manitoba,Up to 0.1 ha,1992,57
Manitoba,1000.1 - 10 000 ha,1991,14
Manitoba,10 000.1 - 100 000 ha,1991,4
Manitoba,100.1 - 1 000 ha,1991,42
Manitoba,10.1 - 100 ha,1991,86
Manitoba,1.1 - 10 ha,1991,141
Manitoba,0.11 - 1.0 ha,1991,203
Manitoba,Up to 0.1 ha,1991,182
Manitoba,1000.1 - 10 000 ha,1990,5
Manitoba,100.1 - 1 000 ha,1990,16
Manitoba,10.1 - 100 ha,1990,60
Manitoba,1.1 - 10 ha,1990,134
Manitoba,0.11 - 1.0 ha,1990,182
Manitoba,Up to 0.1 ha,1990,165
New Brunswick,Unspecified,2021,180
New Brunswick,100.1 - 1 000 ha,2020,1
New Brunswick,10.1 - 100 ha,2020,12
New Brunswick,1.1 - 10 ha,2020,50
New Brunswick,0.11 - 1.0 ha,2020,130
New Brunswick,Up to 0.1 ha,2020,273
New Brunswick,10.1 - 100 ha,2019,3
New Brunswick,1.1 - 10 ha,2019,29
New Brunswick,0.11 - 1.0 ha,2019,52
New Brunswick,Up to 0.1 ha,2019,99
New Brunswick,10.1 - 100 ha,2018,5
New Brunswick,1.1 - 10 ha,2018,36
New Brunswick,0.11 - 1.0 ha,2018,77
New Brunswick,Up to 0.1 ha,2018,167
New Brunswick,100.1 - 1 000 ha,2017,1
New Brunswick,10.1 - 100 ha,2017,2
New Brunswick,1.1 - 10 ha,2017,17
New Brunswick,0.11 - 1.0 ha,2017,69
New Brunswick,Up to 0.1 ha,2017,156
New Brunswick,10.1 - 100 ha,2016,3
New Brunswick,1.1 - 10 ha,2016,52
New Brunswick,0.11 - 1.0 ha,2016,83
New Brunswick,Up to 0.1 ha,2016,147
New Brunswick,10.1 - 100 ha,2015,3
New Brunswick,1.1 - 10 ha,2015,40
New Brunswick,0.11 - 1.0 ha,2015,91
New Brunswick,Up to 0.1 ha,2015,88
New Brunswick,1.1 - 10 ha,2014,29
New Brunswick,0.11 - 1.0 ha,2014,73
New Brunswick,Up to 0.1 ha,2014,78
New Brunswick,100.1 - 1 000 ha,2013,3
New Brunswick,10.1 - 100 ha,2013,7
New Brunswick,1.1 - 10 ha,2013,73
New Brunswick,0.11 - 1.0 ha,2013,146
New Brunswick,Up to 0.1 ha,2013,124
New Brunswick,10.1 - 100 ha,2012,3
New Brunswick,1.1 - 10 ha,2012,70
New Brunswick,0.11 - 1.0 ha,2012,125
New Brunswick,Up to 0.1 ha,2012,140
New Brunswick,1.1 - 10 ha,2011,7
New Brunswick,0.11 - 1.0 ha,2011,29
New Brunswick,Up to 0.1 ha,2011,31
New Brunswick,10.1 - 100 ha,2010,1
New Brunswick,1.1 - 10 ha,2010,36
New Brunswick,0.11 - 1.0 ha,2010,49
New Brunswick,Up to 0.1 ha,2010,93
New Brunswick,10.1 - 100 ha,2009,4
New Brunswick,1.1 - 10 ha,2009,37
New Brunswick,0.11 - 1.0 ha,2009,64
New Brunswick,Up to 0.1 ha,2009,92
New Brunswick,10.1 - 100 ha,2008,2
New Brunswick,1.1 - 10 ha,2008,22
New Brunswick,0.11 - 1.0 ha,2008,50
New Brunswick,Up to 0.1 ha,2008,94
New Brunswick,100.1 - 1 000 ha,2007,1
New Brunswick,10.1 - 100 ha,2007,5
New Brunswick,1.1 - 10 ha,2007,60
New Brunswick,0.11 - 1.0 ha,2007,114
New Brunswick,Up to 0.1 ha,2007,138
New Brunswick,100.1 - 1 000 ha,2006,1
New Brunswick,10.1 - 100 ha,2006,9
New Brunswick,1.1 - 10 ha,2006,60
New Brunswick,0.11 - 1.0 ha,2006,108
New Brunswick,Up to 0.1 ha,2006,132
New Brunswick,10.1 - 100 ha,2005,8
New Brunswick,1.1 - 10 ha,2005,77
New Brunswick,0.11 - 1.0 ha,2005,98
New Brunswick,Up to 0.1 ha,2005,126
New Brunswick,10.1 - 100 ha,2004,8
New Brunswick,1.1 - 10 ha,2004,59
New Brunswick,0.11 - 1.0 ha,2004,98
New Brunswick,Up to 0.1 ha,2004,91
New Brunswick,10.1 - 100 ha,2003,4
New Brunswick,1.1 - 10 ha,2003,27
New Brunswick,0.11 - 1.0 ha,2003,93
New Brunswick,Up to 0.1 ha,2003,106
New Brunswick,10.1 - 100 ha,2002,3
New Brunswick,1.1 - 10 ha,2002,45
New Brunswick,0.11 - 1.0 ha,2002,98
New Brunswick,Up to 0.1 ha,2002,171
New Brunswick,10.1 - 100 ha,2001,10
New Brunswick,1.1 - 10 ha,2001,89
New Brunswick,0.11 - 1.0 ha,2001,168
New Brunswick,Up to 0.1 ha,2001,229
New Brunswick,100.1 - 1 000 ha,2000,1
New Brunswick,10.1 - 100 ha,2000,4
New Brunswick,1.1 - 10 ha,2000,55
New Brunswick,0.11 - 1.0 ha,2000,101
New Brunswick,Up to 0.1 ha,2000,181
New Brunswick,100.1 - 1 000 ha,1999,2
New Brunswick,10.1 - 100 ha,1999,15
New Brunswick,1.1 - 10 ha,1999,84
New Brunswick,0.11 - 1.0 ha,1999,151
New Brunswick,Up to 0.1 ha,1999,355
New Brunswick,100.1 - 1 000 ha,1998,1
New Brunswick,10.1 - 100 ha,1998,4
New Brunswick,1.1 - 10 ha,1998,32
New Brunswick,0.11 - 1.0 ha,1998,74
New Brunswick,Up to 0.1 ha,1998,177
New Brunswick,10.1 - 100 ha,1997,2
New Brunswick,1.1 - 10 ha,1997,41
New Brunswick,0.11 - 1.0 ha,1997,111
New Brunswick,Up to 0.1 ha,1997,214
New Brunswick,100.1 - 1 000 ha,1996,3
New Brunswick,10.1 - 100 ha,1996,6
New Brunswick,1.1 - 10 ha,1996,44
New Brunswick,0.11 - 1.0 ha,1996,110
New Brunswick,Up to 0.1 ha,1996,204
New Brunswick,10.1 - 100 ha,1995,10
New Brunswick,1.1 - 10 ha,1995,55
New Brunswick,0.11 - 1.0 ha,1995,118
New Brunswick,Up to 0.1 ha,1995,364
New Brunswick,100.1 - 1 000 ha,1994,1
New Brunswick,10.1 - 100 ha,1994,11
New Brunswick,1.1 - 10 ha,1994,76
New Brunswick,0.11 - 1.0 ha,1994,153
New Brunswick,Up to 0.1 ha,1994,277
New Brunswick,100.1 - 1 000 ha,1993,1
New Brunswick,10.1 - 100 ha,1993,8
New Brunswick,1.1 - 10 ha,1993,74
New Brunswick,0.11 - 1.0 ha,1993,119
New Brunswick,Up to 0.1 ha,1993,228
New Brunswick,1000.1 - 10 000 ha,1992,1
New Brunswick,100.1 - 1 000 ha,1992,2
New Brunswick,10.1 - 100 ha,1992,22
New Brunswick,1.1 - 10 ha,1992,110
New Brunswick,0.11 - 1.0 ha,1992,170
New Brunswick,Up to 0.1 ha,1992,271
New Brunswick,1000.1 - 10 000 ha,1991,1
New Brunswick,100.1 - 1 000 ha,1991,1
New Brunswick,10.1 - 100 ha,1991,11
New Brunswick,1.1 - 10 ha,1991,93
New Brunswick,0.11 - 1.0 ha,1991,172
New Brunswick,Up to 0.1 ha,1991,378
New Brunswick,1000.1 - 10 000 ha,1990,2
New Brunswick,10.1 - 100 ha,1990,2
New Brunswick,1.1 - 10 ha,1990,46
New Brunswick,0.11 - 1.0 ha,1990,77
New Brunswick,Up to 0.1 ha,1990,250
Newfoundland and Labrador,Unspecified,2021,82
Newfoundland and Labrador,1000.1 - 10 000 ha,2020,2
Newfoundland and Labrador,100.1 - 1 000 ha,2020,4
Newfoundland and Labrador,10.1 - 100 ha,2020,6
Newfoundland and Labrador,1.1 - 10 ha,2020,15
Newfoundland and Labrador,0.11 - 1.0 ha,2020,23
Newfoundland and Labrador,Up to 0.1 ha,2020,47
Newfoundland and Labrador,100.1 - 1 000 ha,2019,1
Newfoundland and Labrador,10.1 - 100 ha,2019,4
Newfoundland and Labrador,1.1 - 10 ha,2019,16
Newfoundland and Labrador,0.11 - 1.0 ha,2019,27
Newfoundland and Labrador,Up to 0.1 ha,2019,51
Newfoundland and Labrador,100.1 - 1 000 ha,2018,1
Newfoundland and Labrador,10.1 - 100 ha,2018,4
Newfoundland and Labrador,1.1 - 10 ha,2018,21
Newfoundland and Labrador,0.11 - 1.0 ha,2018,23
Newfoundland and Labrador,Up to 0.1 ha,2018,83
Newfoundland and Labrador,100.1 - 1 000 ha,2017,1
Newfoundland and Labrador,10.1 - 100 ha,2017,1
Newfoundland and Labrador,1.1 - 10 ha,2017,15
Newfoundland and Labrador,0.11 - 1.0 ha,2017,20
Newfoundland and Labrador,Up to 0.1 ha,2017,45
Newfoundland and Labrador,1000.1 - 10 000 ha,2016,1
Newfoundland and Labrador,100.1 - 1 000 ha,2016,3
Newfoundland and Labrador,10.1 - 100 ha,2016,3
Newfoundland and Labrador,1.1 - 10 ha,2016,4
Newfoundland and Labrador,0.11 - 1.0 ha,2016,1
Newfoundland and Labrador,Up to 0.1 ha,2016,6
Newfoundland and Labrador,1000.1 - 10 000 ha,2015,2
Newfoundland and Labrador,100.1 - 1 000 ha,2015,2
Newfoundland and Labrador,10.1 - 100 ha,2015,3
Newfoundland and Labrador,1.1 - 10 ha,2015,2
Newfoundland and Labrador,0.11 - 1.0 ha,2015,4
Newfoundland and Labrador,Up to 0.1 ha,2015,14
Newfoundland and Labrador,1000.1 - 10 000 ha,2014,1
Newfoundland and Labrador,1.1 - 10 ha,2014,1
Newfoundland and Labrador,1000.1 - 10 000 ha,2013,1
Newfoundland and Labrador,10 000.1 - 100 000 ha,2013,1
Newfoundland and Labrador,10.1 - 100 ha,2013,2
Newfoundland and Labrador,1.1 - 10 ha,2013,8
Newfoundland and Labrador,0.11 - 1.0 ha,2013,15
Newfoundland and Labrador,Up to 0.1 ha,2013,44
Newfoundland and Labrador,1000.1 - 10 000 ha,2012,9
Newfoundland and Labrador,100.1 - 1 000 ha,2012,12
Newfoundland and Labrador,10.1 - 100 ha,2012,6
Newfoundland and Labrador,1.1 - 10 ha,2012,15
Newfoundland and Labrador,0.11 - 1.0 ha,2012,32
Newfoundland and Labrador,Up to 0.1 ha,2012,64
Newfoundland and Labrador,100.1 - 1 000 ha,2011,2
Newfoundland and Labrador,10.1 - 100 ha,2011,2
Newfoundland and Labrador,1.1 - 10 ha,2011,9
Newfoundland and Labrador,0.11 - 1.0 ha,2011,9
Newfoundland and Labrador,Up to 0.1 ha,2011,20
Newfoundland and Labrador,100.1 - 1 000 ha,2010,3
Newfoundland and Labrador,10.1 - 100 ha,2010,1
Newfoundland and Labrador,1.1 - 10 ha,2010,7
Newfoundland and Labrador,0.11 - 1.0 ha,2010,10
Newfoundland and Labrador,Up to 0.1 ha,2010,25
Newfoundland and Labrador,10 000.1 - 100 000 ha,2009,1
Newfoundland and Labrador,10.1 - 100 ha,2009,9
Newfoundland and Labrador,1.1 - 10 ha,2009,21
Newfoundland and Labrador,0.11 - 1.0 ha,2009,32
Newfoundland and Labrador,Up to 0.1 ha,2009,88
Newfoundland and Labrador,10.1 - 100 ha,2008,3
Newfoundland and Labrador,1.1 - 10 ha,2008,16
Newfoundland and Labrador,0.11 - 1.0 ha,2008,19
Newfoundland and Labrador,Up to 0.1 ha,2008,35
Newfoundland and Labrador,1000.1 - 10 000 ha,2007,3
Newfoundland and Labrador,100.1 - 1 000 ha,2007,3
Newfoundland and Labrador,10.1 - 100 ha,2007,5
Newfoundland and Labrador,1.1 - 10 ha,2007,8
Newfoundland and Labrador,0.11 - 1.0 ha,2007,7
Newfoundland and Labrador,Up to 0.1 ha,2007,40
Newfoundland and Labrador,1000.1 - 10 000 ha,2006,1
Newfoundland and Labrador,100.1 - 1 000 ha,2006,1
Newfoundland and Labrador,10.1 - 100 ha,2006,6
Newfoundland and Labrador,1.1 - 10 ha,2006,11
Newfoundland and Labrador,0.11 - 1.0 ha,2006,12
Newfoundland and Labrador,Up to 0.1 ha,2006,35
Newfoundland and Labrador,1000.1 - 10 000 ha,2005,4
Newfoundland and Labrador,100.1 - 1 000 ha,2005,1
Newfoundland and Labrador,10.1 - 100 ha,2005,6
Newfoundland and Labrador,1.1 - 10 ha,2005,19
Newfoundland and Labrador,0.11 - 1.0 ha,2005,23
Newfoundland and Labrador,Up to 0.1 ha,2005,68
Newfoundland and Labrador,100.1 - 1 000 ha,2004,3
Newfoundland and Labrador,1.1 - 10 ha,2004,17
Newfoundland and Labrador,0.11 - 1.0 ha,2004,22
Newfoundland and Labrador,Up to 0.1 ha,2004,83
Newfoundland and Labrador,1000.1 - 10 000 ha,2003,9
Newfoundland and Labrador,100.1 - 1 000 ha,2003,6
Newfoundland and Labrador,10.1 - 100 ha,2003,4
Newfoundland and Labrador,1.1 - 10 ha,2003,16
Newfoundland and Labrador,0.11 - 1.0 ha,2003,26
Newfoundland and Labrador,Up to 0.1 ha,2003,79
Newfoundland and Labrador,1000.1 - 10 000 ha,2002,1
Newfoundland and Labrador,10 000.1 - 100 000 ha,2002,1
Newfoundland and Labrador,100.1 - 1 000 ha,2002,4
Newfoundland and Labrador,10.1 - 100 ha,2002,8
Newfoundland and Labrador,1.1 - 10 ha,2002,8
Newfoundland and Labrador,0.11 - 1.0 ha,2002,24
Newfoundland and Labrador,Up to 0.1 ha,2002,54
Newfoundland and Labrador,100.1 - 1 000 ha,2001,2
Newfoundland and Labrador,10.1 - 100 ha,2001,7
Newfoundland and Labrador,1.1 - 10 ha,2001,11
Newfoundland and Labrador,0.11 - 1.0 ha,2001,33
Newfoundland and Labrador,Up to 0.1 ha,2001,129
Newfoundland and Labrador,1000.1 - 10 000 ha,2000,11
Newfoundland and Labrador,10 000.1 - 100 000 ha,2000,3
Newfoundland and Labrador,100.1 - 1 000 ha,2000,10
Newfoundland and Labrador,10.1 - 100 ha,2000,3
Newfoundland and Labrador,1.1 - 10 ha,2000,10
Newfoundland and Labrador,0.11 - 1.0 ha,2000,30
Newfoundland and Labrador,Up to 0.1 ha,2000,82
Newfoundland and Labrador,1000.1 - 10 000 ha,1999,2
Newfoundland and Labrador,10 000.1 - 100 000 ha,1999,1
Newfoundland and Labrador,100.1 - 1 000 ha,1999,9
Newfoundland and Labrador,10.1 - 100 ha,1999,9
Newfoundland and Labrador,1.1 - 10 ha,1999,29
Newfoundland and Labrador,0.11 - 1.0 ha,1999,43
Newfoundland and Labrador,Up to 0.1 ha,1999,95
Newfoundland and Labrador,1000.1 - 10 000 ha,1998,7
Newfoundland and Labrador,10 000.1 - 100 000 ha,1998,1
Newfoundland and Labrador,100.1 - 1 000 ha,1998,5
Newfoundland and Labrador,10.1 - 100 ha,1998,7
Newfoundland and Labrador,1.1 - 10 ha,1998,29
Newfoundland and Labrador,0.11 - 1.0 ha,1998,39
Newfoundland and Labrador,Up to 0.1 ha,1998,92
Newfoundland and Labrador,1000.1 - 10 000 ha,1997,1
Newfoundland and Labrador,100.1 - 1 000 ha,1997,2
Newfoundland and Labrador,10.1 - 100 ha,1997,4
Newfoundland and Labrador,1.1 - 10 ha,1997,9
Newfoundland and Labrador,0.11 - 1.0 ha,1997,26
Newfoundland and Labrador,Up to 0.1 ha,1997,36
Newfoundland and Labrador,1000.1 - 10 000 ha,1996,15
Newfoundland and Labrador,10 000.1 - 100 000 ha,1996,2
Newfoundland and Labrador,100.1 - 1 000 ha,1996,8
Newfoundland and Labrador,10.1 - 100 ha,1996,4
Newfoundland and Labrador,1.1 - 10 ha,1996,6
Newfoundland and Labrador,0.11 - 1.0 ha,1996,21
Newfoundland and Labrador,Up to 0.1 ha,1996,55
Newfoundland and Labrador,100.1 - 1 000 ha,1995,2
Newfoundland and Labrador,10.1 - 100 ha,1995,7
Newfoundland and Labrador,1.1 - 10 ha,1995,21
Newfoundland and Labrador,0.11 - 1.0 ha,1995,19
Newfoundland and Labrador,Up to 0.1 ha,1995,37
Newfoundland and Labrador,1000.1 - 10 000 ha,1994,1
Newfoundland and Labrador,10 000.1 - 100 000 ha,1994,2
Newfoundland and Labrador,100.1 - 1 000 ha,1994,3
Newfoundland and Labrador,10.1 - 100 ha,1994,8
Newfoundland and Labrador,1.1 - 10 ha,1994,18
Newfoundland and Labrador,0.11 - 1.0 ha,1994,29
Newfoundland and Labrador,Up to 0.1 ha,1994,68
Newfoundland and Labrador,1000.1 - 10 000 ha,1993,6
Newfoundland and Labrador,100.1 - 1 000 ha,1993,5
Newfoundland and Labrador,10.1 - 100 ha,1993,1
Newfoundland and Labrador,1.1 - 10 ha,1993,4
Newfoundland and Labrador,0.11 - 1.0 ha,1993,23
Newfoundland and Labrador,Up to 0.1 ha,1993,26
Newfoundland and Labrador,100.1 - 1 000 ha,1992,4
Newfoundland and Labrador,10.1 - 100 ha,1992,4
Newfoundland and Labrador,1.1 - 10 ha,1992,18
Newfoundland and Labrador,0.11 - 1.0 ha,1992,40
Newfoundland and Labrador,Up to 0.1 ha,1992,40
Newfoundland and Labrador,1000.1 - 10 000 ha,1991,13
Newfoundland and Labrador,100.1 - 1 000 ha,1991,9
Newfoundland and Labrador,10.1 - 100 ha,1991,9
Newfoundland and Labrador,1.1 - 10 ha,1991,16
Newfoundland and Labrador,0.11 - 1.0 ha,1991,29
Newfoundland and Labrador,Up to 0.1 ha,1991,39
Newfoundland and Labrador,1000.1 - 10 000 ha,1990,3
Newfoundland and Labrador,100.1 - 1 000 ha,1990,11
Newfoundland and Labrador,10.1 - 100 ha,1990,2
Newfoundland and Labrador,1.1 - 10 ha,1990,22
Newfoundland and Labrador,0.11 - 1.0 ha,1990,31
Newfoundland and Labrador,Up to 0.1 ha,1990,96
Northwest Territories,Unspecified,2021,140
Northwest Territories,1000.1 - 10 000 ha,2020,6
Northwest Territories,100.1 - 1 000 ha,2020,12
Northwest Territories,10.1 - 100 ha,2020,10
Northwest Territories,1.1 - 10 ha,2020,17
Northwest Territories,0.11 - 1.0 ha,2020,8
Northwest Territories,Up to 0.1 ha,2020,17
Northwest Territories,1000.1 - 10 000 ha,2019,14
Northwest Territories,10 000.1 - 100 000 ha,2019,1
Northwest Territories,100.1 - 1 000 ha,2019,27
Northwest Territories,10.1 - 100 ha,2019,29
Northwest Territories,1.1 - 10 ha,2019,27
Northwest Territories,0.11 - 1.0 ha,2019,24
Northwest Territories,Up to 0.1 ha,2019,25
Northwest Territories,1000.1 - 10 000 ha,2018,6
Northwest Territories,100.1 - 1 000 ha,2018,11
Northwest Territories,10.1 - 100 ha,2018,21
Northwest Territories,1.1 - 10 ha,2018,13
Northwest Territories,0.11 - 1.0 ha,2018,4
Northwest Territories,Up to 0.1 ha,2018,8
Northwest Territories,Over 100 000 ha,2017,2
Northwest Territories,1000.1 - 10 000 ha,2017,56
Northwest Territories,10 000.1 - 100 000 ha,2017,13
Northwest Territories,100.1 - 1 000 ha,2017,54
Northwest Territories,10.1 - 100 ha,2017,48
Northwest Territories,1.1 - 10 ha,2017,28
Northwest Territories,0.11 - 1.0 ha,2017,29
Northwest Territories,Up to 0.1 ha,2017,38
Northwest Territories,1000.1 - 10 000 ha,2016,31
Northwest Territories,10 000.1 - 100 000 ha,2016,5
Northwest Territories,100.1 - 1 000 ha,2016,31
Northwest Territories,10.1 - 100 ha,2016,34
Northwest Territories,1.1 - 10 ha,2016,33
Northwest Territories,0.11 - 1.0 ha,2016,29
Northwest Territories,Up to 0.1 ha,2016,30
Northwest Territories,1000.1 - 10 000 ha,2015,59
Northwest Territories,10 000.1 - 100 000 ha,2015,18
Northwest Territories,100.1 - 1 000 ha,2015,52
Northwest Territories,10.1 - 100 ha,2015,38
Northwest Territories,1.1 - 10 ha,2015,27
Northwest Territories,0.11 - 1.0 ha,2015,37
Northwest Territories,Up to 0.1 ha,2015,26
Northwest Territories,Over 100 000 ha,2014,8
Northwest Territories,1000.1 - 10 000 ha,2014,77
Northwest Territories,10 000.1 - 100 000 ha,2014,44
Northwest Territories,100.1 - 1 000 ha,2014,80
Northwest Territories,10.1 - 100 ha,2014,51
Northwest Territories,1.1 - 10 ha,2014,39
Northwest Territories,0.11 - 1.0 ha,2014,64
Northwest Territories,Up to 0.1 ha,2014,25
Northwest Territories,1000.1 - 10 000 ha,2013,46
Northwest Territories,10 000.1 - 100 000 ha,2013,15
Northwest Territories,100.1 - 1 000 ha,2013,43
Northwest Territories,10.1 - 100 ha,2013,40
Northwest Territories,1.1 - 10 ha,2013,51
Northwest Territories,0.11 - 1.0 ha,2013,40
Northwest Territories,Up to 0.1 ha,2013,22
Northwest Territories,1000.1 - 10 000 ha,2012,44
Northwest Territories,10 000.1 - 100 000 ha,2012,6
Northwest Territories,100.1 - 1 000 ha,2012,55
Northwest Territories,10.1 - 100 ha,2012,48
Northwest Territories,1.1 - 10 ha,2012,57
Northwest Territories,0.11 - 1.0 ha,2012,43
Northwest Territories,Up to 0.1 ha,2012,36
Northwest Territories,1000.1 - 10 000 ha,2011,23
Northwest Territories,10 000.1 - 100 000 ha,2011,5
Northwest Territories,100.1 - 1 000 ha,2011,23
Northwest Territories,10.1 - 100 ha,2011,30
Northwest Territories,1.1 - 10 ha,2011,50
Northwest Territories,0.11 - 1.0 ha,2011,43
Northwest Territories,Up to 0.1 ha,2011,27
Northwest Territories,1000.1 - 10 000 ha,2010,30
Northwest Territories,10 000.1 - 100 000 ha,2010,9
Northwest Territories,100.1 - 1 000 ha,2010,32
Northwest Territories,10.1 - 100 ha,2010,42
Northwest Territories,1.1 - 10 ha,2010,41
Northwest Territories,0.11 - 1.0 ha,2010,42
Northwest Territories,Up to 0.1 ha,2010,28
Northwest Territories,1000.1 - 10 000 ha,2009,4
Northwest Territories,100.1 - 1 000 ha,2009,10
Northwest Territories,10.1 - 100 ha,2009,5
Northwest Territories,1.1 - 10 ha,2009,14
Northwest Territories,0.11 - 1.0 ha,2009,21
Northwest Territories,Up to 0.1 ha,2009,6
Northwest Territories,1000.1 - 10 000 ha,2008,23
Northwest Territories,10 000.1 - 100 000 ha,2008,4
Northwest Territories,100.1 - 1 000 ha,2008,33
Northwest Territories,10.1 - 100 ha,2008,72
Northwest Territories,1.1 - 10 ha,2008,53
Northwest Territories,0.11 - 1.0 ha,2008,33
Northwest Territories,Up to 0.1 ha,2008,22
Northwest Territories,1000.1 - 10 000 ha,2007,14
Northwest Territories,10 000.1 - 100 000 ha,2007,10
Northwest Territories,100.1 - 1 000 ha,2007,29
Northwest Territories,10.1 - 100 ha,2007,27
Northwest Territories,1.1 - 10 ha,2007,40
Northwest Territories,0.11 - 1.0 ha,2007,41
Northwest Territories,Up to 0.1 ha,2007,23
Northwest Territories,1000.1 - 10 000 ha,2006,16
Northwest Territories,100.1 - 1 000 ha,2006,19
Northwest Territories,10.1 - 100 ha,2006,33
Northwest Territories,1.1 - 10 ha,2006,39
Northwest Territories,0.11 - 1.0 ha,2006,36
Northwest Territories,Up to 0.1 ha,2006,24
Northwest Territories,1000.1 - 10 000 ha,2005,19
Northwest Territories,10 000.1 - 100 000 ha,2005,5
Northwest Territories,100.1 - 1 000 ha,2005,27
Northwest Territories,10.1 - 100 ha,2005,45
Northwest Territories,1.1 - 10 ha,2005,69
Northwest Territories,0.11 - 1.0 ha,2005,57
Northwest Territories,Up to 0.1 ha,2005,39
Northwest Territories,1000.1 - 10 000 ha,2004,51
Northwest Territories,10 000.1 - 100 000 ha,2004,10
Northwest Territories,100.1 - 1 000 ha,2004,39
Northwest Territories,10.1 - 100 ha,2004,36
Northwest Territories,1.1 - 10 ha,2004,50
Northwest Territories,0.11 - 1.0 ha,2004,65
Northwest Territories,Up to 0.1 ha,2004,48
Northwest Territories,1000.1 - 10 000 ha,2003,16
Northwest Territories,10 000.1 - 100 000 ha,2003,4
Northwest Territories,100.1 - 1 000 ha,2003,16
Northwest Territories,10.1 - 100 ha,2003,25
Northwest Territories,1.1 - 10 ha,2003,42
Northwest Territories,0.11 - 1.0 ha,2003,32
Northwest Territories,Up to 0.1 ha,2003,25
Northwest Territories,1000.1 - 10 000 ha,2002,7
Northwest Territories,100.1 - 1 000 ha,2002,7
Northwest Territories,10.1 - 100 ha,2002,11
Northwest Territories,1.1 - 10 ha,2002,28
Northwest Territories,0.11 - 1.0 ha,2002,20
Northwest Territories,Up to 0.1 ha,2002,12
Northwest Territories,1000.1 - 10 000 ha,2001,12
Northwest Territories,10 000.1 - 100 000 ha,2001,4
Northwest Territories,100.1 - 1 000 ha,2001,4
Northwest Territories,10.1 - 100 ha,2001,13
Northwest Territories,1.1 - 10 ha,2001,34
Northwest Territories,0.11 - 1.0 ha,2001,33
Northwest Territories,Up to 0.1 ha,2001,28
Northwest Territories,1000.1 - 10 000 ha,2000,28
Northwest Territories,10 000.1 - 100 000 ha,2000,3
Northwest Territories,100.1 - 1 000 ha,2000,16
Northwest Territories,10.1 - 100 ha,2000,40
Northwest Territories,1.1 - 10 ha,2000,70
Northwest Territories,0.11 - 1.0 ha,2000,75
Northwest Territories,Up to 0.1 ha,2000,43
Northwest Territories,Over 100 000 ha,1999,2
Northwest Territories,1000.1 - 10 000 ha,1999,18
Northwest Territories,10 000.1 - 100 000 ha,1999,4
Northwest Territories,100.1 - 1 000 ha,1999,16
Northwest Territories,10.1 - 100 ha,1999,20
Northwest Territories,1.1 - 10 ha,1999,48
Northwest Territories,0.11 - 1.0 ha,1999,36
Northwest Territories,Up to 0.1 ha,1999,28
Northwest Territories,Over 100 000 ha,1998,3
Northwest Territories,1000.1 - 10 000 ha,1998,44
Northwest Territories,10 000.1 - 100 000 ha,1998,25
Northwest Territories,100.1 - 1 000 ha,1998,34
Northwest Territories,10.1 - 100 ha,1998,54
Northwest Territories,1.1 - 10 ha,1998,98
Northwest Territories,0.11 - 1.0 ha,1998,83
Northwest Territories,Up to 0.1 ha,1998,58
Northwest Territories,1000.1 - 10 000 ha,1997,5
Northwest Territories,10 000.1 - 100 000 ha,1997,1
Northwest Territories,100.1 - 1 000 ha,1997,13
Northwest Territories,10.1 - 100 ha,1997,13
Northwest Territories,1.1 - 10 ha,1997,31
Northwest Territories,0.11 - 1.0 ha,1997,20
Northwest Territories,Up to 0.1 ha,1997,22
Northwest Territories,1000.1 - 10 000 ha,1996,31
Northwest Territories,10 000.1 - 100 000 ha,1996,13
Northwest Territories,100.1 - 1 000 ha,1996,53
Northwest Territories,10.1 - 100 ha,1996,51
Northwest Territories,1.1 - 10 ha,1996,77
Northwest Territories,0.11 - 1.0 ha,1996,83
Northwest Territories,Up to 0.1 ha,1996,42
Northwest Territories,Over 100 000 ha,1995,6
Northwest Territories,1000.1 - 10 000 ha,1995,15
Northwest Territories,10 000.1 - 100 000 ha,1995,11
Northwest Territories,100.1 - 1 000 ha,1995,14
Northwest Territories,10.1 - 100 ha,1995,17
Northwest Territories,1.1 - 10 ha,1995,49
Northwest Territories,0.11 - 1.0 ha,1995,52
Northwest Territories,Up to 0.1 ha,1995,54
Northwest Territories,Over 100 000 ha,1994,7
Northwest Territories,1000.1 - 10 000 ha,1994,40
Northwest Territories,10 000.1 - 100 000 ha,1994,30
Northwest Territories,100.1 - 1 000 ha,1994,41
Northwest Territories,10.1 - 100 ha,1994,81
Northwest Territories,1.1 - 10 ha,1994,148
Northwest Territories,0.11 - 1.0 ha,1994,179
Northwest Territories,Up to 0.1 ha,1994,127
Northwest Territories,Over 100 000 ha,1993,1
Northwest Territories,1000.1 - 10 000 ha,1993,27
Northwest Territories,10 000.1 - 100 000 ha,1993,17
Northwest Territories,100.1 - 1 000 ha,1993,32
Northwest Territories,10.1 - 100 ha,1993,35
Northwest Territories,1.1 - 10 ha,1993,102
Northwest Territories,0.11 - 1.0 ha,1993,140
Northwest Territories,Up to 0.1 ha,1993,119
Northwest Territories,1000.1 - 10 000 ha,1992,9
Northwest Territories,100.1 - 1 000 ha,1992,18
Northwest Territories,10.1 - 100 ha,1992,17
Northwest Territories,1.1 - 10 ha,1992,73
Northwest Territories,0.11 - 1.0 ha,1992,94
Northwest Territories,Up to 0.1 ha,1992,74
Northwest Territories,1000.1 - 10 000 ha,1991,11
Northwest Territories,10 000.1 - 100 000 ha,1991,8
Northwest Territories,100.1 - 1 000 ha,1991,23
Northwest Territories,10.1 - 100 ha,1991,41
Northwest Territories,1.1 - 10 ha,1991,83
Northwest Territories,0.11 - 1.0 ha,1991,86
Northwest Territories,Up to 0.1 ha,1991,79
Northwest Territories,1000.1 - 10 000 ha,1990,5
Northwest Territories,10 000.1 - 100 000 ha,1990,4
Northwest Territories,100.1 - 1 000 ha,1990,9
Northwest Territories,10.1 - 100 ha,1990,22
Northwest Territories,1.1 - 10 ha,1990,60
Northwest Territories,0.11 - 1.0 ha,1990,72
Northwest Territories,Up to 0.1 ha,1990,64
Nova Scotia,Unspecified,2021,113
Nova Scotia,100.1 - 1 000 ha,2020,3
Nova Scotia,10.1 - 100 ha,2020,5
Nova Scotia,1.1 - 10 ha,2020,33
Nova Scotia,0.11 - 1.0 ha,2020,64
Nova Scotia,Up to 0.1 ha,2020,73
Nova Scotia,10.1 - 100 ha,2019,1
Nova Scotia,1.1 - 10 ha,2019,26
Nova Scotia,0.11 - 1.0 ha,2019,51
Nova Scotia,Up to 0.1 ha,2019,65
Nova Scotia,10.1 - 100 ha,2018,3
Nova Scotia,1.1 - 10 ha,2018,35
Nova Scotia,0.11 - 1.0 ha,2018,104
Nova Scotia,Up to 0.1 ha,2018,54
Nova Scotia,100.1 - 1 000 ha,2017,1
Nova Scotia,10.1 - 100 ha,2017,2
Nova Scotia,1.1 - 10 ha,2017,5
Nova Scotia,0.11 - 1.0 ha,2017,12
Nova Scotia,Up to 0.1 ha,2017,157
Nova Scotia,100.1 - 1 000 ha,2016,1
Nova Scotia,10.1 - 100 ha,2016,12
Nova Scotia,1.1 - 10 ha,2016,52
Nova Scotia,0.11 - 1.0 ha,2016,91
Nova Scotia,Up to 0.1 ha,2016,115
Nova Scotia,100.1 - 1 000 ha,2015,1
Nova Scotia,10.1 - 100 ha,2015,8
Nova Scotia,1.1 - 10 ha,2015,57
Nova Scotia,0.11 - 1.0 ha,2015,99
Nova Scotia,Up to 0.1 ha,2015,84
Nova Scotia,100.1 - 1 000 ha,2014,1
Nova Scotia,10.1 - 100 ha,2014,6
Nova Scotia,1.1 - 10 ha,2014,45
Nova Scotia,0.11 - 1.0 ha,2014,54
Nova Scotia,Up to 0.1 ha,2014,66
Nova Scotia,10.1 - 100 ha,2013,5
Nova Scotia,1.1 - 10 ha,2013,41
Nova Scotia,0.11 - 1.0 ha,2013,68
Nova Scotia,Up to 0.1 ha,2013,60
Nova Scotia,1.1 - 10 ha,2012,90
Nova Scotia,0.11 - 1.0 ha,2012,125
Nova Scotia,Up to 0.1 ha,2012,138
Nova Scotia,10.1 - 100 ha,2011,2
Nova Scotia,1.1 - 10 ha,2011,36
Nova Scotia,0.11 - 1.0 ha,2011,38
Nova Scotia,Up to 0.1 ha,2011,38
Nova Scotia,10.1 - 100 ha,2010,6
Nova Scotia,1.1 - 10 ha,2010,61
Nova Scotia,0.11 - 1.0 ha,2010,109
Nova Scotia,Up to 0.1 ha,2010,74
Nova Scotia,100.1 - 1 000 ha,2009,1
Nova Scotia,10.1 - 100 ha,2009,5
Nova Scotia,1.1 - 10 ha,2009,22
Nova Scotia,0.11 - 1.0 ha,2009,32
Nova Scotia,Up to 0.1 ha,2009,131
Nova Scotia,1000.1 - 10 000 ha,2008,1
Nova Scotia,100.1 - 1 000 ha,2008,2
Nova Scotia,10.1 - 100 ha,2008,9
Nova Scotia,1.1 - 10 ha,2008,53
Nova Scotia,0.11 - 1.0 ha,2008,52
Nova Scotia,Up to 0.1 ha,2008,131
Nova Scotia,10.1 - 100 ha,2007,14
Nova Scotia,1.1 - 10 ha,2007,86
Nova Scotia,0.11 - 1.0 ha,2007,80
Nova Scotia,Up to 0.1 ha,2007,207
Nova Scotia,100.1 - 1 000 ha,2006,4
Nova Scotia,10.1 - 100 ha,2006,8
Nova Scotia,1.1 - 10 ha,2006,45
Nova Scotia,0.11 - 1.0 ha,2006,49
Nova Scotia,Up to 0.1 ha,2006,110
Nova Scotia,100.1 - 1 000 ha,2005,1
Nova Scotia,10.1 - 100 ha,2005,7
Nova Scotia,1.1 - 10 ha,2005,50
Nova Scotia,0.11 - 1.0 ha,2005,51
Nova Scotia,Up to 0.1 ha,2005,180
Nova Scotia,10.1 - 100 ha,2004,4
Nova Scotia,1.1 - 10 ha,2004,45
Nova Scotia,0.11 - 1.0 ha,2004,101
Nova Scotia,Up to 0.1 ha,2004,109
Nova Scotia,100.1 - 1 000 ha,2003,2
Nova Scotia,10.1 - 100 ha,2003,9
Nova Scotia,1.1 - 10 ha,2003,44
Nova Scotia,0.11 - 1.0 ha,2003,95
Nova Scotia,Up to 0.1 ha,2003,122
Nova Scotia,10.1 - 100 ha,2002,3
Nova Scotia,1.1 - 10 ha,2002,39
Nova Scotia,0.11 - 1.0 ha,2002,84
Nova Scotia,Up to 0.1 ha,2002,144
Nova Scotia,10.1 - 100 ha,2001,11
Nova Scotia,1.1 - 10 ha,2001,50
Nova Scotia,0.11 - 1.0 ha,2001,152
Nova Scotia,Up to 0.1 ha,2001,276
Nova Scotia,100.1 - 1 000 ha,2000,2
Nova Scotia,10.1 - 100 ha,2000,1
Nova Scotia,1.1 - 10 ha,2000,26
Nova Scotia,0.11 - 1.0 ha,2000,59
Nova Scotia,Up to 0.1 ha,2000,124
Nova Scotia,100.1 - 1 000 ha,1999,5
Nova Scotia,10.1 - 100 ha,1999,4
Nova Scotia,1.1 - 10 ha,1999,70
Nova Scotia,0.11 - 1.0 ha,1999,159
Nova Scotia,Up to 0.1 ha,1999,226
Nova Scotia,10.1 - 100 ha,1998,9
Nova Scotia,1.1 - 10 ha,1998,52
Nova Scotia,0.11 - 1.0 ha,1998,115
Nova Scotia,Up to 0.1 ha,1998,170
Nova Scotia,100.1 - 1 000 ha,1997,1
Nova Scotia,10.1 - 100 ha,1997,7
Nova Scotia,1.1 - 10 ha,1997,48
Nova Scotia,0.11 - 1.0 ha,1997,118
Nova Scotia,Up to 0.1 ha,1997,196
Nova Scotia,100.1 - 1 000 ha,1996,1
Nova Scotia,10.1 - 100 ha,1996,9
Nova Scotia,1.1 - 10 ha,1996,74
Nova Scotia,0.11 - 1.0 ha,1996,100
Nova Scotia,Up to 0.1 ha,1996,86
Nova Scotia,10.1 - 100 ha,1995,7
Nova Scotia,1.1 - 10 ha,1995,69
Nova Scotia,0.11 - 1.0 ha,1995,153
Nova Scotia,Up to 0.1 ha,1995,178
Nova Scotia,10.1 - 100 ha,1994,5
Nova Scotia,1.1 - 10 ha,1994,43
Nova Scotia,0.11 - 1.0 ha,1994,76
Nova Scotia,Up to 0.1 ha,1994,139
Nova Scotia,10.1 - 100 ha,1993,3
Nova Scotia,1.1 - 10 ha,1993,65
Nova Scotia,0.11 - 1.0 ha,1993,100
Nova Scotia,Up to 0.1 ha,1993,134
Nova Scotia,100.1 - 1 000 ha,1992,2
Nova Scotia,10.1 - 100 ha,1992,8
Nova Scotia,1.1 - 10 ha,1992,35
Nova Scotia,0.11 - 1.0 ha,1992,111
Nova Scotia,Up to 0.1 ha,1992,140
Nova Scotia,100.1 - 1 000 ha,1991,2
Nova Scotia,10.1 - 100 ha,1991,22
Nova Scotia,1.1 - 10 ha,1991,112
Nova Scotia,0.11 - 1.0 ha,1991,264
Nova Scotia,Up to 0.1 ha,1991,326
Nova Scotia,100.1 - 1 000 ha,1990,2
Nova Scotia,10.1 - 100 ha,1990,15
Nova Scotia,1.1 - 10 ha,1990,61
Nova Scotia,0.11 - 1.0 ha,1990,160
Nova Scotia,Up to 0.1 ha,1990,259
Ontario,Unspecified,2021,1198
Ontario,1000.1 - 10 000 ha,2020,3
Ontario,100.1 - 1 000 ha,2020,15
Ontario,10.1 - 100 ha,2020,36
Ontario,1.1 - 10 ha,2020,102
Ontario,0.11 - 1.0 ha,2020,208
Ontario,Up to 0.1 ha,2020,250
Ontario,1000.1 - 10 000 ha,2019,7
Ontario,10 000.1 - 100 000 ha,2019,5
Ontario,100.1 - 1 000 ha,2019,11
Ontario,10.1 - 100 ha,2019,21
Ontario,1.1 - 10 ha,2019,67
Ontario,0.11 - 1.0 ha,2019,429
Ontario,Up to 0.1 ha,2019,1
Ontario,1000.1 - 10 000 ha,2018,29
Ontario,10 000.1 - 100 000 ha,2018,6
Ontario,100.1 - 1 000 ha,2018,47
Ontario,10.1 - 100 ha,2018,70
Ontario,1.1 - 10 ha,2018,247
Ontario,0.11 - 1.0 ha,2018,934
Ontario,Up to 0.1 ha,2018,6
Ontario,1000.1 - 10 000 ha,2017,15
Ontario,10 000.1 - 100 000 ha,2017,3
Ontario,100.1 - 1 000 ha,2017,42
Ontario,10.1 - 100 ha,2017,73
Ontario,1.1 - 10 ha,2017,114
Ontario,0.11 - 1.0 ha,2017,534
Ontario,1000.1 - 10 000 ha,2016,3
Ontario,10 000.1 - 100 000 ha,2016,1
Ontario,100.1 - 1 000 ha,2016,7
Ontario,10.1 - 100 ha,2016,26
Ontario,1.1 - 10 ha,2016,91
Ontario,0.11 - 1.0 ha,2016,523
Ontario,Up to 0.1 ha,2016,6
Ontario,1000.1 - 10 000 ha,2015,8
Ontario,10 000.1 - 100 000 ha,2015,1
Ontario,100.1 - 1 000 ha,2015,26
Ontario,10.1 - 100 ha,2015,35
Ontario,1.1 - 10 ha,2015,123
Ontario,0.11 - 1.0 ha,2015,480
Ontario,Up to 0.1 ha,2015,2
Ontario,1000.1 - 10 000 ha,2014,1
Ontario,100.1 - 1 000 ha,2014,7
Ontario,10.1 - 100 ha,2014,15
Ontario,1.1 - 10 ha,2014,34
Ontario,0.11 - 1.0 ha,2014,252
Ontario,1000.1 - 10 000 ha,2013,9
Ontario,10 000.1 - 100 000 ha,2013,1
Ontario,100.1 - 1 000 ha,2013,23
Ontario,10.1 - 100 ha,2013,32
Ontario,1.1 - 10 ha,2013,96
Ontario,0.11 - 1.0 ha,2013,421
Ontario,1000.1 - 10 000 ha,2012,19
Ontario,10 000.1 - 100 000 ha,2012,4
Ontario,100.1 - 1 000 ha,2012,39
Ontario,10.1 - 100 ha,2012,59
Ontario,1.1 - 10 ha,2012,236
Ontario,0.11 - 1.0 ha,2012,1273
Ontario,Up to 0.1 ha,2012,5
Ontario,Over 100 000 ha,2011,2
Ontario,1000.1 - 10 000 ha,2011,30
Ontario,10 000.1 - 100 000 ha,2011,13
Ontario,100.1 - 1 000 ha,2011,38
Ontario,10.1 - 100 ha,2011,44
Ontario,1.1 - 10 ha,2011,165
Ontario,0.11 - 1.0 ha,2011,1048
Ontario,1000.1 - 10 000 ha,2010,4
Ontario,100.1 - 1 000 ha,2010,13
Ontario,10.1 - 100 ha,2010,33
Ontario,1.1 - 10 ha,2010,163
Ontario,0.11 - 1.0 ha,2010,720
Ontario,1000.1 - 10 000 ha,2009,6
Ontario,100.1 - 1 000 ha,2009,17
Ontario,10.1 - 100 ha,2009,20
Ontario,1.1 - 10 ha,2009,55
Ontario,0.11 - 1.0 ha,2009,293
Ontario,100.1 - 1 000 ha,2008,3
Ontario,10.1 - 100 ha,2008,8
Ontario,1.1 - 10 ha,2008,35
Ontario,0.11 - 1.0 ha,2008,296
Ontario,Up to 0.1 ha,2008,2
Ontario,1000.1 - 10 000 ha,2007,2
Ontario,10 000.1 - 100 000 ha,2007,2
Ontario,100.1 - 1 000 ha,2007,13
Ontario,10.1 - 100 ha,2007,38
Ontario,1.1 - 10 ha,2007,144
Ontario,0.11 - 1.0 ha,2007,929
Ontario,Up to 0.1 ha,2007,1
Ontario,1000.1 - 10 000 ha,2006,25
Ontario,10 000.1 - 100 000 ha,2006,2
Ontario,100.1 - 1 000 ha,2006,55
Ontario,10.1 - 100 ha,2006,113
Ontario,1.1 - 10 ha,2006,257
Ontario,0.11 - 1.0 ha,2006,1836
Ontario,Up to 0.1 ha,2006,4
Ontario,1000.1 - 10 000 ha,2005,8
Ontario,10 000.1 - 100 000 ha,2005,1
Ontario,100.1 - 1 000 ha,2005,13
Ontario,10.1 - 100 ha,2005,37
Ontario,1.1 - 10 ha,2005,199
Ontario,0.11 - 1.0 ha,2005,1709
Ontario,Up to 0.1 ha,2005,11
Ontario,1000.1 - 10 000 ha,2004,1
Ontario,10.1 - 100 ha,2004,6
Ontario,1.1 - 10 ha,2004,51
Ontario,0.11 - 1.0 ha,2004,377
Ontario,1000.1 - 10 000 ha,2003,6
Ontario,10 000.1 - 100 000 ha,2003,8
Ontario,100.1 - 1 000 ha,2003,28
Ontario,10.1 - 100 ha,2003,39
Ontario,1.1 - 10 ha,2003,163
Ontario,0.11 - 1.0 ha,2003,798
Ontario,Up to 0.1 ha,2003,1
Ontario,1000.1 - 10 000 ha,2002,19
Ontario,10 000.1 - 100 000 ha,2002,5
Ontario,100.1 - 1 000 ha,2002,43
Ontario,10.1 - 100 ha,2002,49
Ontario,1.1 - 10 ha,2002,114
Ontario,0.11 - 1.0 ha,2002,933
Ontario,1000.1 - 10 000 ha,2001,2
Ontario,100.1 - 1 000 ha,2001,16
Ontario,10.1 - 100 ha,2001,63
Ontario,1.1 - 10 ha,2001,214
Ontario,0.11 - 1.0 ha,2001,1297
Ontario,Up to 0.1 ha,2001,4
Ontario,1000.1 - 10 000 ha,2000,1
Ontario,100.1 - 1 000 ha,2000,8
Ontario,10.1 - 100 ha,2000,31
Ontario,1.1 - 10 ha,2000,93
Ontario,0.11 - 1.0 ha,2000,520
Ontario,1000.1 - 10 000 ha,1999,18
Ontario,10 000.1 - 100 000 ha,1999,7
Ontario,100.1 - 1 000 ha,1999,23
Ontario,10.1 - 100 ha,1999,49
Ontario,1.1 - 10 ha,1999,163
Ontario,0.11 - 1.0 ha,1999,764
Ontario,Up to 0.1 ha,1999,1
Ontario,1000.1 - 10 000 ha,1998,26
Ontario,10 000.1 - 100 000 ha,1998,2
Ontario,100.1 - 1 000 ha,1998,48
Ontario,10.1 - 100 ha,1998,79
Ontario,1.1 - 10 ha,1998,364
Ontario,0.11 - 1.0 ha,1998,1772
Ontario,1000.1 - 10 000 ha,1997,7
Ontario,100.1 - 1 000 ha,1997,13
Ontario,10.1 - 100 ha,1997,31
Ontario,1.1 - 10 ha,1997,211
Ontario,0.11 - 1.0 ha,1997,1384
Ontario,1000.1 - 10 000 ha,1996,64
Ontario,10 000.1 - 100 000 ha,1996,12
Ontario,100.1 - 1 000 ha,1996,68
Ontario,10.1 - 100 ha,1996,81
Ontario,1.1 - 10 ha,1996,205
Ontario,0.11 - 1.0 ha,1996,841
Ontario,Up to 0.1 ha,1996,4
Ontario,Over 100 000 ha,1995,1
Ontario,1000.1 - 10 000 ha,1995,53
Ontario,10 000.1 - 100 000 ha,1995,14
Ontario,100.1 - 1 000 ha,1995,71
Ontario,10.1 - 100 ha,1995,128
Ontario,1.1 - 10 ha,1995,388
Ontario,0.11 - 1.0 ha,1995,1495
Ontario,1000.1 - 10 000 ha,1994,14
Ontario,10 000.1 - 100 000 ha,1994,2
Ontario,100.1 - 1 000 ha,1994,20
Ontario,10.1 - 100 ha,1994,65
Ontario,1.1 - 10 ha,1994,221
Ontario,0.11 - 1.0 ha,1994,757
Ontario,1000.1 - 10 000 ha,1993,6
Ontario,10 000.1 - 100 000 ha,1993,4
Ontario,100.1 - 1 000 ha,1993,11
Ontario,10.1 - 100 ha,1993,25
Ontario,1.1 - 10 ha,1993,89
Ontario,0.11 - 1.0 ha,1993,607
Ontario,1000.1 - 10 000 ha,1992,10
Ontario,10 000.1 - 100 000 ha,1992,7
Ontario,100.1 - 1 000 ha,1992,14
Ontario,10.1 - 100 ha,1992,43
Ontario,1.1 - 10 ha,1992,173
Ontario,0.11 - 1.0 ha,1992,713
Ontario,1000.1 - 10 000 ha,1991,22
Ontario,10 000.1 - 100 000 ha,1991,6
Ontario,100.1 - 1 000 ha,1991,39
Ontario,10.1 - 100 ha,1991,81
Ontario,1.1 - 10 ha,1991,299
Ontario,0.11 - 1.0 ha,1991,2113
Ontario,1000.1 - 10 000 ha,1990,12
Ontario,10 000.1 - 100 000 ha,1990,7
Ontario,100.1 - 1 000 ha,1990,41
Ontario,10.1 - 100 ha,1990,59
Ontario,1.1 - 10 ha,1990,210
Ontario,0.11 - 1.0 ha,1990,1283
Parks Canada,Unspecified,2021,73
Prince Edward Island,Unspecified,2021,1
Prince Edward Island,1.1 - 10 ha,2019,2
Prince Edward Island,Up to 0.1 ha,2019,1
Prince Edward Island,1.1 - 10 ha,2018,2
Prince Edward Island,0.11 - 1.0 ha,2018,2
Prince Edward Island,Up to 0.1 ha,2018,4
Prince Edward Island,Unspecified,2017,4
Prince Edward Island,Over 100 000 ha,2017,
Prince Edward Island,1000.1 - 10 000 ha,2017,
Prince Edward Island,10 000.1 - 100 000 ha,2017,
Prince Edward Island,100.1 - 1 000 ha,2017,
Prince Edward Island,10.1 - 100 ha,2017,
Prince Edward Island,1.1 - 10 ha,2017,
Prince Edward Island,0.11 - 1.0 ha,2017,
Prince Edward Island,Up to 0.1 ha,2017,
Prince Edward Island,Over 100 000 ha,2016,
Prince Edward Island,1000.1 - 10 000 ha,2016,
Prince Edward Island,10 000.1 - 100 000 ha,2016,
Prince Edward Island,100.1 - 1 000 ha,2016,
Prince Edward Island,10.1 - 100 ha,2016,2
Prince Edward Island,1.1 - 10 ha,2016,1
Prince Edward Island,0.11 - 1.0 ha,2016,2
Prince Edward Island,Up to 0.1 ha,2016,3
Prince Edward Island,Unspecified,2015,5
Prince Edward Island,Over 100 000 ha,2015,
Prince Edward Island,1000.1 - 10 000 ha,2015,
Prince Edward Island,10 000.1 - 100 000 ha,2015,
Prince Edward Island,100.1 - 1 000 ha,2015,
Prince Edward Island,10.1 - 100 ha,2015,
Prince Edward Island,1.1 - 10 ha,2015,
Prince Edward Island,0.11 - 1.0 ha,2015,
Prince Edward Island,Up to 0.1 ha,2015,
Prince Edward Island,Over 100 000 ha,2014,
Prince Edward Island,1000.1 - 10 000 ha,2014,
Prince Edward Island,10 000.1 - 100 000 ha,2014,
Prince Edward Island,100.1 - 1 000 ha,2014,
Prince Edward Island,10.1 - 100 ha,2014,
Prince Edward Island,1.1 - 10 ha,2014,1
Prince Edward Island,0.11 - 1.0 ha,2014,2
Prince Edward Island,Up to 0.1 ha,2014,1
Prince Edward Island,Over 100 000 ha,2013,
Prince Edward Island,1000.1 - 10 000 ha,2013,
Prince Edward Island,10 000.1 - 100 000 ha,2013,
Prince Edward Island,100.1 - 1 000 ha,2013,
Prince Edward Island,10.1 - 100 ha,2013,1
Prince Edward Island,1.1 - 10 ha,2013,3
Prince Edward Island,0.11 - 1.0 ha,2013,4
Prince Edward Island,Up to 0.1 ha,2013,3
Prince Edward Island,Over 100 000 ha,2012,
Prince Edward Island,1000.1 - 10 000 ha,2012,
Prince Edward Island,10 000.1 - 100 000 ha,2012,
Prince Edward Island,100.1 - 1 000 ha,2012,
Prince Edward Island,10.1 - 100 ha,2012,
Prince Edward Island,1.1 - 10 ha,2012,2
Prince Edward Island,0.11 - 1.0 ha,2012,3
Prince Edward Island,Up to 0.1 ha,2012,3
Prince Edward Island,Over 100 000 ha,2011,
Prince Edward Island,1000.1 - 10 000 ha,2011,
Prince Edward Island,10 000.1 - 100 000 ha,2011,
Prince Edward Island,100.1 - 1 000 ha,2011,
Prince Edward Island,10.1 - 100 ha,2011,
Prince Edward Island,1.1 - 10 ha,2011,3
Prince Edward Island,0.11 - 1.0 ha,2011,1
Prince Edward Island,Up to 0.1 ha,2011,
Prince Edward Island,Over 100 000 ha,2010,
Prince Edward Island,1000.1 - 10 000 ha,2010,
Prince Edward Island,10 000.1 - 100 000 ha,2010,
Prince Edward Island,100.1 - 1 000 ha,2010,
Prince Edward Island,10.1 - 100 ha,2010,
Prince Edward Island,1.1 - 10 ha,2010,1
Prince Edward Island,0.11 - 1.0 ha,2010,1
Prince Edward Island,Up to 0.1 ha,2010,2
Prince Edward Island,Over 100 000 ha,2009,
Prince Edward Island,1000.1 - 10 000 ha,2009,
Prince Edward Island,10 000.1 - 100 000 ha,2009,
Prince Edward Island,100.1 - 1 000 ha,2009,
Prince Edward Island,10.1 - 100 ha,2009,
Prince Edward Island,1.1 - 10 ha,2009,
Prince Edward Island,0.11 - 1.0 ha,2009,7
Prince Edward Island,Up to 0.1 ha,2009,1
Prince Edward Island,Over 100 000 ha,2008,
Prince Edward Island,1000.1 - 10 000 ha,2008,
Prince Edward Island,10 000.1 - 100 000 ha,2008,
Prince Edward Island,100.1 - 1 000 ha,2008,
Prince Edward Island,10.1 - 100 ha,2008,
Prince Edward Island,1.1 - 10 ha,2008,1
Prince Edward Island,0.11 - 1.0 ha,2008,3
Prince Edward Island,Up to 0.1 ha,2008,2
Prince Edward Island,Over 100 000 ha,2007,
Prince Edward Island,1000.1 - 10 000 ha,2007,
Prince Edward Island,10 000.1 - 100 000 ha,2007,
Prince Edward Island,100.1 - 1 000 ha,2007,
Prince Edward Island,10.1 - 100 ha,2007,1
Prince Edward Island,1.1 - 10 ha,2007,2
Prince Edward Island,0.11 - 1.0 ha,2007,2
Prince Edward Island,Up to 0.1 ha,2007,4
Prince Edward Island,Over 100 000 ha,2006,
Prince Edward Island,1000.1 - 10 000 ha,2006,
Prince Edward Island,10 000.1 - 100 000 ha,2006,
Prince Edward Island,100.1 - 1 000 ha,2006,
Prince Edward Island,10.1 - 100 ha,2006,2
Prince Edward Island,1.1 - 10 ha,2006,7
Prince Edward Island,0.11 - 1.0 ha,2006,13
Prince Edward Island,Up to 0.1 ha,2006,14
Prince Edward Island,Over 100 000 ha,2005,
Prince Edward Island,1000.1 - 10 000 ha,2005,
Prince Edward Island,10 000.1 - 100 000 ha,2005,
Prince Edward Island,100.1 - 1 000 ha,2005,
Prince Edward Island,10.1 - 100 ha,2005,1
Prince Edward Island,1.1 - 10 ha,2005,5
Prince Edward Island,0.11 - 1.0 ha,2005,5
Prince Edward Island,Up to 0.1 ha,2005,2
Prince Edward Island,Over 100 000 ha,2004,
Prince Edward Island,1000.1 - 10 000 ha,2004,
Prince Edward Island,10 000.1 - 100 000 ha,2004,
Prince Edward Island,100.1 - 1 000 ha,2004,
Prince Edward Island,10.1 - 100 ha,2004,
Prince Edward Island,1.1 - 10 ha,2004,6
Prince Edward Island,0.11 - 1.0 ha,2004,7
Prince Edward Island,Up to 0.1 ha,2004,7
Prince Edward Island,Over 100 000 ha,2003,
Prince Edward Island,1000.1 - 10 000 ha,2003,
Prince Edward Island,10 000.1 - 100 000 ha,2003,
Prince Edward Island,100.1 - 1 000 ha,2003,
Prince Edward Island,10.1 - 100 ha,2003,
Prince Edward Island,1.1 - 10 ha,2003,4
Prince Edward Island,0.11 - 1.0 ha,2003,5
Prince Edward Island,Up to 0.1 ha,2003,5
Prince Edward Island,Over 100 000 ha,2002,
Prince Edward Island,1000.1 - 10 000 ha,2002,
Prince Edward Island,10 000.1 - 100 000 ha,2002,
Prince Edward Island,100.1 - 1 000 ha,2002,
Prince Edward Island,10.1 - 100 ha,2002,4
Prince Edward Island,1.1 - 10 ha,2002,4
Prince Edward Island,0.11 - 1.0 ha,2002,3
Prince Edward Island,Up to 0.1 ha,2002,18
Prince Edward Island,Over 100 000 ha,2001,
Prince Edward Island,1000.1 - 10 000 ha,2001,
Prince Edward Island,10 000.1 - 100 000 ha,2001,
Prince Edward Island,100.1 - 1 000 ha,2001,
Prince Edward Island,10.1 - 100 ha,2001,
Prince Edward Island,1.1 - 10 ha,2001,7
Prince Edward Island,0.11 - 1.0 ha,2001,12
Prince Edward Island,Up to 0.1 ha,2001,27
Prince Edward Island,Over 100 000 ha,2000,
Prince Edward Island,1000.1 - 10 000 ha,2000,
Prince Edward Island,10 000.1 - 100 000 ha,2000,
Prince Edward Island,100.1 - 1 000 ha,2000,
Prince Edward Island,10.1 - 100 ha,2000,
Prince Edward Island,1.1 - 10 ha,2000,
Prince Edward Island,0.11 - 1.0 ha,2000,
Prince Edward Island,Up to 0.1 ha,2000,
Prince Edward Island,Over 100 000 ha,1999,
Prince Edward Island,1000.1 - 10 000 ha,1999,
Prince Edward Island,10 000.1 - 100 000 ha,1999,
Prince Edward Island,100.1 - 1 000 ha,1999,
Prince Edward Island,10.1 - 100 ha,1999,1
Prince Edward Island,1.1 - 10 ha,1999,11
Prince Edward Island,0.11 - 1.0 ha,1999,17
Prince Edward Island,Up to 0.1 ha,1999,5
Prince Edward Island,Over 100 000 ha,1998,
Prince Edward Island,1000.1 - 10 000 ha,1998,
Prince Edward Island,10 000.1 - 100 000 ha,1998,
Prince Edward Island,100.1 - 1 000 ha,1998,
Prince Edward Island,10.1 - 100 ha,1998,2
Prince Edward Island,1.1 - 10 ha,1998,5
Prince Edward Island,0.11 - 1.0 ha,1998,9
Prince Edward Island,Up to 0.1 ha,1998,11
Prince Edward Island,Over 100 000 ha,1997,
Prince Edward Island,1000.1 - 10 000 ha,1997,
Prince Edward Island,10 000.1 - 100 000 ha,1997,
Prince Edward Island,100.1 - 1 000 ha,1997,
Prince Edward Island,10.1 - 100 ha,1997,4
Prince Edward Island,1.1 - 10 ha,1997,12
Prince Edward Island,0.11 - 1.0 ha,1997,13
Prince Edward Island,Up to 0.1 ha,1997,5
Prince Edward Island,Over 100 000 ha,1996,
Prince Edward Island,1000.1 - 10 000 ha,1996,
Prince Edward Island,10 000.1 - 100 000 ha,1996,
Prince Edward Island,100.1 - 1 000 ha,1996,
Prince Edward Island,10.1 - 100 ha,1996,
Prince Edward Island,1.1 - 10 ha,1996,
Prince Edward Island,0.11 - 1.0 ha,1996,
Prince Edward Island,Up to 0.1 ha,1996,
Prince Edward Island,Over 100 000 ha,1995,
Prince Edward Island,1000.1 - 10 000 ha,1995,
Prince Edward Island,10 000.1 - 100 000 ha,1995,
Prince Edward Island,100.1 - 1 000 ha,1995,
Prince Edward Island,10.1 - 100 ha,1995,
Prince Edward Island,1.1 - 10 ha,1995,10
Prince Edward Island,0.11 - 1.0 ha,1995,8
Prince Edward Island,Up to 0.1 ha,1995,11
Prince Edward Island,Over 100 000 ha,1994,
Prince Edward Island,1000.1 - 10 000 ha,1994,
Prince Edward Island,10 000.1 - 100 000 ha,1994,
Prince Edward Island,100.1 - 1 000 ha,1994,
Prince Edward Island,10.1 - 100 ha,1994,
Prince Edward Island,1.1 - 10 ha,1994,6
Prince Edward Island,0.11 - 1.0 ha,1994,10
Prince Edward Island,Up to 0.1 ha,1994,27
Prince Edward Island,Over 100 000 ha,1993,
Prince Edward Island,1000.1 - 10 000 ha,1993,
Prince Edward Island,10 000.1 - 100 000 ha,1993,
Prince Edward Island,100.1 - 1 000 ha,1993,
Prince Edward Island,10.1 - 100 ha,1993,2
Prince Edward Island,1.1 - 10 ha,1993,13
Prince Edward Island,0.11 - 1.0 ha,1993,11
Prince Edward Island,Up to 0.1 ha,1993,3
Prince Edward Island,Over 100 000 ha,1992,
Prince Edward Island,1000.1 - 10 000 ha,1992,
Prince Edward Island,10 000.1 - 100 000 ha,1992,
Prince Edward Island,100.1 - 1 000 ha,1992,
Prince Edward Island,10.1 - 100 ha,1992,1
Prince Edward Island,1.1 - 10 ha,1992,8
Prince Edward Island,0.11 - 1.0 ha,1992,13
Prince Edward Island,Up to 0.1 ha,1992,5
Prince Edward Island,Over 100 000 ha,1991,
Prince Edward Island,1000.1 - 10 000 ha,1991,
Prince Edward Island,10 000.1 - 100 000 ha,1991,
Prince Edward Island,100.1 - 1 000 ha,1991,
Prince Edward Island,10.1 - 100 ha,1991,1
Prince Edward Island,1.1 - 10 ha,1991,25
Prince Edward Island,0.11 - 1.0 ha,1991,15
Prince Edward Island,Up to 0.1 ha,1991,7
Prince Edward Island,Over 100 000 ha,1990,
Prince Edward Island,1000.1 - 10 000 ha,1990,
Prince Edward Island,10 000.1 - 100 000 ha,1990,
Prince Edward Island,100.1 - 1 000 ha,1990,
Prince Edward Island,10.1 - 100 ha,1990,3
Prince Edward Island,1.1 - 10 ha,1990,12
Prince Edward Island,0.11 - 1.0 ha,1990,12
Prince Edward Island,Up to 0.1 ha,1990,11
Quebec,Unspecified,2021,625
Quebec,1000.1 - 10 000 ha,2020,3
Quebec,10 000.1 - 100 000 ha,2020,1
Quebec,100.1 - 1 000 ha,2020,9
Quebec,10.1 - 100 ha,2020,31
Quebec,1.1 - 10 ha,2020,115
Quebec,0.11 - 1.0 ha,2020,200
Quebec,Up to 0.1 ha,2020,353
Quebec,1000.1 - 10 000 ha,2019,3
Quebec,100.1 - 1 000 ha,2019,7
Quebec,10.1 - 100 ha,2019,17
Quebec,1.1 - 10 ha,2019,30
Quebec,0.11 - 1.0 ha,2019,73
Quebec,Up to 0.1 ha,2019,232
Quebec,1000.1 - 10 000 ha,2018,17
Quebec,10 000.1 - 100 000 ha,2018,1
Quebec,100.1 - 1 000 ha,2018,19
Quebec,10.1 - 100 ha,2018,34
Quebec,1.1 - 10 ha,2018,75
Quebec,0.11 - 1.0 ha,2018,128
Quebec,Up to 0.1 ha,2018,323
Quebec,1000.1 - 10 000 ha,2017,7
Quebec,10 000.1 - 100 000 ha,2017,1
Quebec,100.1 - 1 000 ha,2017,10
Quebec,10.1 - 100 ha,2017,10
Quebec,1.1 - 10 ha,2017,29
Quebec,0.11 - 1.0 ha,2017,52
Quebec,Up to 0.1 ha,2017,213
Quebec,1000.1 - 10 000 ha,2016,10
Quebec,100.1 - 1 000 ha,2016,34
Quebec,10.1 - 100 ha,2016,38
Quebec,1.1 - 10 ha,2016,68
Quebec,0.11 - 1.0 ha,2016,118
Quebec,Up to 0.1 ha,2016,339
Quebec,1000.1 - 10 000 ha,2015,2
Quebec,100.1 - 1 000 ha,2015,10
Quebec,10.1 - 100 ha,2015,8
Quebec,1.1 - 10 ha,2015,63
Quebec,0.11 - 1.0 ha,2015,96
Quebec,Up to 0.1 ha,2015,213
Quebec,1000.1 - 10 000 ha,2014,5
Quebec,10 000.1 - 100 000 ha,2014,2
Quebec,100.1 - 1 000 ha,2014,11
Quebec,10.1 - 100 ha,2014,16
Quebec,1.1 - 10 ha,2014,37
Quebec,0.11 - 1.0 ha,2014,64
Quebec,Up to 0.1 ha,2014,161
Quebec,Over 100 000 ha,2013,5
Quebec,1000.1 - 10 000 ha,2013,22
Quebec,10 000.1 - 100 000 ha,2013,14
Quebec,100.1 - 1 000 ha,2013,16
Quebec,10.1 - 100 ha,2013,30
Quebec,1.1 - 10 ha,2013,73
Quebec,0.11 - 1.0 ha,2013,97
Quebec,Up to 0.1 ha,2013,271
Quebec,1000.1 - 10 000 ha,2012,8
Quebec,10 000.1 - 100 000 ha,2012,2
Quebec,100.1 - 1 000 ha,2012,17
Quebec,10.1 - 100 ha,2012,30
Quebec,1.1 - 10 ha,2012,105
Quebec,0.11 - 1.0 ha,2012,166
Quebec,Up to 0.1 ha,2012,470
Quebec,1000.1 - 10 000 ha,2011,3
Quebec,100.1 - 1 000 ha,2011,11
Quebec,10.1 - 100 ha,2011,9
Quebec,1.1 - 10 ha,2011,53
Quebec,0.11 - 1.0 ha,2011,73
Quebec,Up to 0.1 ha,2011,182
Quebec,Over 100 000 ha,2010,1
Quebec,1000.1 - 10 000 ha,2010,10
Quebec,10 000.1 - 100 000 ha,2010,9
Quebec,100.1 - 1 000 ha,2010,20
Quebec,10.1 - 100 ha,2010,29
Quebec,1.1 - 10 ha,2010,110
Quebec,0.11 - 1.0 ha,2010,193
Quebec,Up to 0.1 ha,2010,368
Quebec,1000.1 - 10 000 ha,2009,16
Quebec,10 000.1 - 100 000 ha,2009,1
Quebec,100.1 - 1 000 ha,2009,14
Quebec,10.1 - 100 ha,2009,33
Quebec,1.1 - 10 ha,2009,75
Quebec,0.11 - 1.0 ha,2009,113
Quebec,Up to 0.1 ha,2009,233
Quebec,100.1 - 1 000 ha,2008,3
Quebec,10.1 - 100 ha,2008,13
Quebec,1.1 - 10 ha,2008,26
Quebec,0.11 - 1.0 ha,2008,52
Quebec,Up to 0.1 ha,2008,129
Quebec,1000.1 - 10 000 ha,2007,32
Quebec,10 000.1 - 100 000 ha,2007,10
Quebec,100.1 - 1 000 ha,2007,37
Quebec,10.1 - 100 ha,2007,56
Quebec,1.1 - 10 ha,2007,151
Quebec,0.11 - 1.0 ha,2007,225
Quebec,Up to 0.1 ha,2007,428
Quebec,1000.1 - 10 000 ha,2006,13
Quebec,10 000.1 - 100 000 ha,2006,3
Quebec,100.1 - 1 000 ha,2006,23
Quebec,10.1 - 100 ha,2006,41
Quebec,1.1 - 10 ha,2006,106
Quebec,0.11 - 1.0 ha,2006,163
Quebec,Up to 0.1 ha,2006,335
Quebec,1000.1 - 10 000 ha,2005,50
Quebec,10 000.1 - 100 000 ha,2005,24
Quebec,100.1 - 1 000 ha,2005,42
Quebec,10.1 - 100 ha,2005,50
Quebec,1.1 - 10 ha,2005,207
Quebec,0.11 - 1.0 ha,2005,317
Quebec,Up to 0.1 ha,2005,685
Quebec,100.1 - 1 000 ha,2004,4
Quebec,10.1 - 100 ha,2004,8
Quebec,1.1 - 10 ha,2004,39
Quebec,0.11 - 1.0 ha,2004,67
Quebec,Up to 0.1 ha,2004,204
Quebec,1000.1 - 10 000 ha,2003,10
Quebec,10 000.1 - 100 000 ha,2003,2
Quebec,100.1 - 1 000 ha,2003,26
Quebec,10.1 - 100 ha,2003,49
Quebec,1.1 - 10 ha,2003,113
Quebec,0.11 - 1.0 ha,2003,156
Quebec,Up to 0.1 ha,2003,364
Quebec,Over 100 000 ha,2002,2
Quebec,1000.1 - 10 000 ha,2002,35
Quebec,10 000.1 - 100 000 ha,2002,21
Quebec,100.1 - 1 000 ha,2002,33
Quebec,10.1 - 100 ha,2002,28
Quebec,1.1 - 10 ha,2002,115
Quebec,0.11 - 1.0 ha,2002,176
Quebec,Up to 0.1 ha,2002,489
Quebec,1000.1 - 10 000 ha,2001,2
Quebec,10 000.1 - 100 000 ha,2001,1
Quebec,100.1 - 1 000 ha,2001,4
Quebec,10.1 - 100 ha,2001,26
Quebec,1.1 - 10 ha,2001,123
Quebec,0.11 - 1.0 ha,2001,218
Quebec,Up to 0.1 ha,2001,631
Quebec,1000.1 - 10 000 ha,2000,5
Quebec,10 000.1 - 100 000 ha,2000,2
Quebec,100.1 - 1 000 ha,2000,9
Quebec,10.1 - 100 ha,2000,17
Quebec,1.1 - 10 ha,2000,77
Quebec,0.11 - 1.0 ha,2000,114
Quebec,Up to 0.1 ha,2000,293
Quebec,1000.1 - 10 000 ha,1999,7
Quebec,10 000.1 - 100 000 ha,1999,2
Quebec,100.1 - 1 000 ha,1999,10
Quebec,10.1 - 100 ha,1999,32
Quebec,1.1 - 10 ha,1999,139
Quebec,0.11 - 1.0 ha,1999,238
Quebec,Up to 0.1 ha,1999,609
Quebec,Over 100 000 ha,1998,1
Quebec,1000.1 - 10 000 ha,1998,17
Quebec,10 000.1 - 100 000 ha,1998,11
Quebec,100.1 - 1 000 ha,1998,20
Quebec,10.1 - 100 ha,1998,16
Quebec,1.1 - 10 ha,1998,102
Quebec,0.11 - 1.0 ha,1998,191
Quebec,Up to 0.1 ha,1998,496
Quebec,1000.1 - 10 000 ha,1997,32
Quebec,10 000.1 - 100 000 ha,1997,13
Quebec,100.1 - 1 000 ha,1997,19
Quebec,10.1 - 100 ha,1997,32
Quebec,1.1 - 10 ha,1997,95
Quebec,0.11 - 1.0 ha,1997,213
Quebec,Up to 0.1 ha,1997,472
Quebec,1000.1 - 10 000 ha,1996,50
Quebec,10 000.1 - 100 000 ha,1996,24
Quebec,100.1 - 1 000 ha,1996,76
Quebec,10.1 - 100 ha,1996,107
Quebec,1.1 - 10 ha,1996,228
Quebec,0.11 - 1.0 ha,1996,219
Quebec,Up to 0.1 ha,1996,546
Quebec,Over 100 000 ha,1995,1
Quebec,1000.1 - 10 000 ha,1995,21
Quebec,10 000.1 - 100 000 ha,1995,13
Quebec,100.1 - 1 000 ha,1995,43
Quebec,10.1 - 100 ha,1995,92
Quebec,1.1 - 10 ha,1995,184
Quebec,0.11 - 1.0 ha,1995,272
Quebec,Up to 0.1 ha,1995,639
Quebec,1000.1 - 10 000 ha,1994,3
Quebec,10 000.1 - 100 000 ha,1994,2
Quebec,100.1 - 1 000 ha,1994,15
Quebec,10.1 - 100 ha,1994,21
Quebec,1.1 - 10 ha,1994,87
Quebec,0.11 - 1.0 ha,1994,153
Quebec,Up to 0.1 ha,1994,218
Quebec,1000.1 - 10 000 ha,1993,1
Quebec,10 000.1 - 100 000 ha,1993,3
Quebec,100.1 - 1 000 ha,1993,2
Quebec,10.1 - 100 ha,1993,17
Quebec,1.1 - 10 ha,1993,72
Quebec,0.11 - 1.0 ha,1993,115
Quebec,Up to 0.1 ha,1993,333
Quebec,1000.1 - 10 000 ha,1992,7
Quebec,100.1 - 1 000 ha,1992,12
Quebec,10.1 - 100 ha,1992,44
Quebec,1.1 - 10 ha,1992,133
Quebec,0.11 - 1.0 ha,1992,223
Quebec,Up to 0.1 ha,1992,346
Quebec,Over 100 000 ha,1991,1
Quebec,1000.1 - 10 000 ha,1991,13
Quebec,10 000.1 - 100 000 ha,1991,6
Quebec,100.1 - 1 000 ha,1991,28
Quebec,10.1 - 100 ha,1991,48
Quebec,1.1 - 10 ha,1991,158
Quebec,0.11 - 1.0 ha,1991,269
Quebec,Up to 0.1 ha,1991,693
Quebec,1000.1 - 10 000 ha,1990,12
Quebec,10 000.1 - 100 000 ha,1990,2
Quebec,100.1 - 1 000 ha,1990,23
Quebec,10.1 - 100 ha,1990,42
Quebec,1.1 - 10 ha,1990,132
Quebec,0.11 - 1.0 ha,1990,181
Quebec,Up to 0.1 ha,1990,459
Saskatchewan,Unspecified,2021,635
Saskatchewan,10 000.1 - 100 000 ha,2020,1
Saskatchewan,100.1 - 1 000 ha,2020,5
Saskatchewan,10.1 - 100 ha,2020,7
Saskatchewan,1.1 - 10 ha,2020,26
Saskatchewan,0.11 - 1.0 ha,2020,43
Saskatchewan,Up to 0.1 ha,2020,119
Saskatchewan,1000.1 - 10 000 ha,2019,8
Saskatchewan,10 000.1 - 100 000 ha,2019,1
Saskatchewan,100.1 - 1 000 ha,2019,13
Saskatchewan,10.1 - 100 ha,2019,34
Saskatchewan,1.1 - 10 ha,2019,40
Saskatchewan,0.11 - 1.0 ha,2019,78
Saskatchewan,Up to 0.1 ha,2019,84
Saskatchewan,1000.1 - 10 000 ha,2018,22
Saskatchewan,10 000.1 - 100 000 ha,2018,3
Saskatchewan,100.1 - 1 000 ha,2018,24
Saskatchewan,10.1 - 100 ha,2018,44
Saskatchewan,1.1 - 10 ha,2018,108
Saskatchewan,0.11 - 1.0 ha,2018,138
Saskatchewan,Up to 0.1 ha,2018,113
Saskatchewan,Over 100 000 ha,2017,1
Saskatchewan,1000.1 - 10 000 ha,2017,24
Saskatchewan,10 000.1 - 100 000 ha,2017,7
Saskatchewan,100.1 - 1 000 ha,2017,33
Saskatchewan,10.1 - 100 ha,2017,20
Saskatchewan,1.1 - 10 ha,2017,51
Saskatchewan,0.11 - 1.0 ha,2017,87
Saskatchewan,Up to 0.1 ha,2017,145
Saskatchewan,1000.1 - 10 000 ha,2016,9
Saskatchewan,10 000.1 - 100 000 ha,2016,9
Saskatchewan,100.1 - 1 000 ha,2016,24
Saskatchewan,10.1 - 100 ha,2016,41
Saskatchewan,1.1 - 10 ha,2016,87
Saskatchewan,0.11 - 1.0 ha,2016,117
Saskatchewan,Up to 0.1 ha,2016,121
Saskatchewan,Over 100 000 ha,2015,6
Saskatchewan,1000.1 - 10 000 ha,2015,62
Saskatchewan,10 000.1 - 100 000 ha,2015,24
Saskatchewan,100.1 - 1 000 ha,2015,66
Saskatchewan,10.1 - 100 ha,2015,58
Saskatchewan,1.1 - 10 ha,2015,115
Saskatchewan,0.11 - 1.0 ha,2015,192
Saskatchewan,Up to 0.1 ha,2015,212
Saskatchewan,1000.1 - 10 000 ha,2014,26
Saskatchewan,10 000.1 - 100 000 ha,2014,11
Saskatchewan,100.1 - 1 000 ha,2014,33
Saskatchewan,10.1 - 100 ha,2014,36
Saskatchewan,1.1 - 10 ha,2014,88
Saskatchewan,0.11 - 1.0 ha,2014,96
Saskatchewan,Up to 0.1 ha,2014,115
Saskatchewan,Over 100 000 ha,2013,1
Saskatchewan,1000.1 - 10 000 ha,2013,15
Saskatchewan,10 000.1 - 100 000 ha,2013,6
Saskatchewan,100.1 - 1 000 ha,2013,17
Saskatchewan,10.1 - 100 ha,2013,33
Saskatchewan,1.1 - 10 ha,2013,71
Saskatchewan,0.11 - 1.0 ha,2013,148
Saskatchewan,Up to 0.1 ha,2013,158
Saskatchewan,1000.1 - 10 000 ha,2012,30
Saskatchewan,10 000.1 - 100 000 ha,2012,5
Saskatchewan,100.1 - 1 000 ha,2012,21
Saskatchewan,10.1 - 100 ha,2012,56
Saskatchewan,1.1 - 10 ha,2012,74
Saskatchewan,0.11 - 1.0 ha,2012,130
Saskatchewan,Up to 0.1 ha,2012,112
Saskatchewan,1000.1 - 10 000 ha,2011,11
Saskatchewan,10 000.1 - 100 000 ha,2011,9
Saskatchewan,100.1 - 1 000 ha,2011,11
Saskatchewan,10.1 - 100 ha,2011,22
Saskatchewan,1.1 - 10 ha,2011,70
Saskatchewan,0.11 - 1.0 ha,2011,73
Saskatchewan,Up to 0.1 ha,2011,112
Saskatchewan,Over 100 000 ha,2010,4
Saskatchewan,1000.1 - 10 000 ha,2010,50
Saskatchewan,10 000.1 - 100 000 ha,2010,19
Saskatchewan,100.1 - 1 000 ha,2010,48
Saskatchewan,10.1 - 100 ha,2010,66
Saskatchewan,1.1 - 10 ha,2010,109
Saskatchewan,0.11 - 1.0 ha,2010,112
Saskatchewan,Up to 0.1 ha,2010,174
Saskatchewan,1000.1 - 10 000 ha,2009,11
Saskatchewan,100.1 - 1 000 ha,2009,28
Saskatchewan,10.1 - 100 ha,2009,37
Saskatchewan,1.1 - 10 ha,2009,100
Saskatchewan,0.11 - 1.0 ha,2009,148
Saskatchewan,Up to 0.1 ha,2009,218
Saskatchewan,Over 100 000 ha,2008,1
Saskatchewan,1000.1 - 10 000 ha,2008,23
Saskatchewan,10 000.1 - 100 000 ha,2008,25
Saskatchewan,100.1 - 1 000 ha,2008,27
Saskatchewan,10.1 - 100 ha,2008,48
Saskatchewan,1.1 - 10 ha,2008,95
Saskatchewan,0.11 - 1.0 ha,2008,122
Saskatchewan,Up to 0.1 ha,2008,269
Saskatchewan,1000.1 - 10 000 ha,2007,19
Saskatchewan,10 000.1 - 100 000 ha,2007,4
Saskatchewan,100.1 - 1 000 ha,2007,10
Saskatchewan,10.1 - 100 ha,2007,27
Saskatchewan,1.1 - 10 ha,2007,74
Saskatchewan,0.11 - 1.0 ha,2007,71
Saskatchewan,Up to 0.1 ha,2007,169
Saskatchewan,Over 100 000 ha,2006,3
Saskatchewan,1000.1 - 10 000 ha,2006,43
Saskatchewan,10 000.1 - 100 000 ha,2006,17
Saskatchewan,100.1 - 1 000 ha,2006,46
Saskatchewan,10.1 - 100 ha,2006,54
Saskatchewan,1.1 - 10 ha,2006,111
Saskatchewan,0.11 - 1.0 ha,2006,99
Saskatchewan,Up to 0.1 ha,2006,152
Saskatchewan,1000.1 - 10 000 ha,2005,27
Saskatchewan,10 000.1 - 100 000 ha,2005,5
Saskatchewan,100.1 - 1 000 ha,2005,25
Saskatchewan,10.1 - 100 ha,2005,40
Saskatchewan,1.1 - 10 ha,2005,67
Saskatchewan,0.11 - 1.0 ha,2005,77
Saskatchewan,Up to 0.1 ha,2005,97
Saskatchewan,1000.1 - 10 000 ha,2004,33
Saskatchewan,10 000.1 - 100 000 ha,2004,6
Saskatchewan,100.1 - 1 000 ha,2004,31
Saskatchewan,10.1 - 100 ha,2004,27
Saskatchewan,1.1 - 10 ha,2004,75
Saskatchewan,0.11 - 1.0 ha,2004,88
Saskatchewan,Up to 0.1 ha,2004,72
Saskatchewan,1000.1 - 10 000 ha,2003,16
Saskatchewan,10 000.1 - 100 000 ha,2003,4
Saskatchewan,100.1 - 1 000 ha,2003,25
Saskatchewan,10.1 - 100 ha,2003,41
Saskatchewan,1.1 - 10 ha,2003,102
Saskatchewan,0.11 - 1.0 ha,2003,201
Saskatchewan,Up to 0.1 ha,2003,269
Saskatchewan,Over 100 000 ha,2002,1
Saskatchewan,1000.1 - 10 000 ha,2002,21
Saskatchewan,10 000.1 - 100 000 ha,2002,23
Saskatchewan,100.1 - 1 000 ha,2002,54
Saskatchewan,10.1 - 100 ha,2002,105
Saskatchewan,1.1 - 10 ha,2002,167
Saskatchewan,0.11 - 1.0 ha,2002,246
Saskatchewan,Up to 0.1 ha,2002,280
Saskatchewan,1000.1 - 10 000 ha,2001,15
Saskatchewan,10 000.1 - 100 000 ha,2001,6
Saskatchewan,100.1 - 1 000 ha,2001,36
Saskatchewan,10.1 - 100 ha,2001,85
Saskatchewan,1.1 - 10 ha,2001,145
Saskatchewan,0.11 - 1.0 ha,2001,247
Saskatchewan,Up to 0.1 ha,2001,341
Saskatchewan,1000.1 - 10 000 ha,2000,9
Saskatchewan,10 000.1 - 100 000 ha,2000,4
Saskatchewan,100.1 - 1 000 ha,2000,17
Saskatchewan,10.1 - 100 ha,2000,34
Saskatchewan,1.1 - 10 ha,2000,69
Saskatchewan,0.11 - 1.0 ha,2000,118
Saskatchewan,Up to 0.1 ha,2000,171
Saskatchewan,1000.1 - 10 000 ha,1999,20
Saskatchewan,10 000.1 - 100 000 ha,1999,5
Saskatchewan,100.1 - 1 000 ha,1999,24
Saskatchewan,10.1 - 100 ha,1999,49
Saskatchewan,1.1 - 10 ha,1999,119
Saskatchewan,0.11 - 1.0 ha,1999,157
Saskatchewan,Up to 0.1 ha,1999,366
Saskatchewan,Over 100 000 ha,1998,2
Saskatchewan,1000.1 - 10 000 ha,1998,39
Saskatchewan,10 000.1 - 100 000 ha,1998,21
Saskatchewan,100.1 - 1 000 ha,1998,67
Saskatchewan,10.1 - 100 ha,1998,107
Saskatchewan,1.1 - 10 ha,1998,201
Saskatchewan,0.11 - 1.0 ha,1998,352
Saskatchewan,Up to 0.1 ha,1998,479
Saskatchewan,100.1 - 1 000 ha,1997,9
Saskatchewan,10.1 - 100 ha,1997,28
Saskatchewan,1.1 - 10 ha,1997,81
Saskatchewan,0.11 - 1.0 ha,1997,126
Saskatchewan,Up to 0.1 ha,1997,245
Saskatchewan,1000.1 - 10 000 ha,1996,3
Saskatchewan,100.1 - 1 000 ha,1996,14
Saskatchewan,10.1 - 100 ha,1996,23
Saskatchewan,1.1 - 10 ha,1996,55
Saskatchewan,0.11 - 1.0 ha,1996,89
Saskatchewan,Up to 0.1 ha,1996,241
Saskatchewan,Over 100 000 ha,1995,4
Saskatchewan,1000.1 - 10 000 ha,1995,32
Saskatchewan,10 000.1 - 100 000 ha,1995,23
Saskatchewan,100.1 - 1 000 ha,1995,33
Saskatchewan,10.1 - 100 ha,1995,31
Saskatchewan,1.1 - 10 ha,1995,95
Saskatchewan,0.11 - 1.0 ha,1995,198
Saskatchewan,Up to 0.1 ha,1995,235
Saskatchewan,Over 100 000 ha,1994,2
Saskatchewan,1000.1 - 10 000 ha,1994,25
Saskatchewan,10 000.1 - 100 000 ha,1994,17
Saskatchewan,100.1 - 1 000 ha,1994,17
Saskatchewan,10.1 - 100 ha,1994,50
Saskatchewan,1.1 - 10 ha,1994,100
Saskatchewan,0.11 - 1.0 ha,1994,231
Saskatchewan,Up to 0.1 ha,1994,255
Saskatchewan,Over 100 000 ha,1993,1
Saskatchewan,1000.1 - 10 000 ha,1993,18
Saskatchewan,10 000.1 - 100 000 ha,1993,6
Saskatchewan,100.1 - 1 000 ha,1993,32
Saskatchewan,10.1 - 100 ha,1993,61
Saskatchewan,1.1 - 10 ha,1993,88
Saskatchewan,0.11 - 1.0 ha,1993,200
Saskatchewan,Up to 0.1 ha,1993,239
Saskatchewan,1000.1 - 10 000 ha,1992,4
Saskatchewan,10 000.1 - 100 000 ha,1992,3
Saskatchewan,100.1 - 1 000 ha,1992,20
Saskatchewan,10.1 - 100 ha,1992,44
Saskatchewan,1.1 - 10 ha,1992,97
Saskatchewan,0.11 - 1.0 ha,1992,179
Saskatchewan,Up to 0.1 ha,1992,352
Saskatchewan,1000.1 - 10 000 ha,1991,17
Saskatchewan,10 000.1 - 100 000 ha,1991,6
Saskatchewan,100.1 - 1 000 ha,1991,25
Saskatchewan,10.1 - 100 ha,1991,52
Saskatchewan,1.1 - 10 ha,1991,104
Saskatchewan,0.11 - 1.0 ha,1991,190
Saskatchewan,Up to 0.1 ha,1991,368
Saskatchewan,1000.1 - 10 000 ha,1990,18
Saskatchewan,10 000.1 - 100 000 ha,1990,7
Saskatchewan,100.1 - 1 000 ha,1990,21
Saskatchewan,10.1 - 100 ha,1990,51
Saskatchewan,1.1 - 10 ha,1990,94
Saskatchewan,0.11 - 1.0 ha,1990,254
Saskatchewan,Up to 0.1 ha,1990,452
Yukon,Unspecified,2021,112
Yukon,1000.1 - 10 000 ha,2020,2
Yukon,100.1 - 1 000 ha,2020,2
Yukon,10.1 - 100 ha,2020,4
Yukon,1.1 - 10 ha,2020,3
Yukon,0.11 - 1.0 ha,2020,4
Yukon,Up to 0.1 ha,2020,9
Yukon,Over 100 000 ha,2019,1
Yukon,1000.1 - 10 000 ha,2019,20
Yukon,10 000.1 - 100 000 ha,2019,4
Yukon,100.1 - 1 000 ha,2019,17
Yukon,10.1 - 100 ha,2019,13
Yukon,1.1 - 10 ha,2019,17
Yukon,0.11 - 1.0 ha,2019,15
Yukon,Up to 0.1 ha,2019,31
Yukon,1000.1 - 10 000 ha,2018,11
Yukon,10 000.1 - 100 000 ha,2018,1
Yukon,100.1 - 1 000 ha,2018,9
Yukon,10.1 - 100 ha,2018,3
Yukon,1.1 - 10 ha,2018,4
Yukon,0.11 - 1.0 ha,2018,8
Yukon,Up to 0.1 ha,2018,15
Yukon,1000.1 - 10 000 ha,2017,25
Yukon,10 000.1 - 100 000 ha,2017,9
Yukon,100.1 - 1 000 ha,2017,16
Yukon,10.1 - 100 ha,2017,10
Yukon,1.1 - 10 ha,2017,16
Yukon,0.11 - 1.0 ha,2017,15
Yukon,Up to 0.1 ha,2017,24
Yukon,1000.1 - 10 000 ha,2016,2
Yukon,10 000.1 - 100 000 ha,2016,1
Yukon,100.1 - 1 000 ha,2016,2
Yukon,10.1 - 100 ha,2016,2
Yukon,1.1 - 10 ha,2016,9
Yukon,0.11 - 1.0 ha,2016,10
Yukon,Up to 0.1 ha,2016,27
Yukon,1000.1 - 10 000 ha,2015,20
Yukon,10 000.1 - 100 000 ha,2015,2
Yukon,100.1 - 1 000 ha,2015,28
Yukon,10.1 - 100 ha,2015,22
Yukon,1.1 - 10 ha,2015,36
Yukon,0.11 - 1.0 ha,2015,27
Yukon,Up to 0.1 ha,2015,51
Yukon,1000.1 - 10 000 ha,2014,1
Yukon,100.1 - 1 000 ha,2014,4
Yukon,10.1 - 100 ha,2014,4
Yukon,1.1 - 10 ha,2014,1
Yukon,0.11 - 1.0 ha,2014,5
Yukon,Up to 0.1 ha,2014,19
Yukon,1000.1 - 10 000 ha,2013,13
Yukon,10 000.1 - 100 000 ha,2013,5
Yukon,100.1 - 1 000 ha,2013,26
Yukon,10.1 - 100 ha,2013,26
Yukon,1.1 - 10 ha,2013,47
Yukon,0.11 - 1.0 ha,2013,24
Yukon,Up to 0.1 ha,2013,36
Yukon,1000.1 - 10 000 ha,2012,17
Yukon,100.1 - 1 000 ha,2012,27
Yukon,10.1 - 100 ha,2012,16
Yukon,1.1 - 10 ha,2012,16
Yukon,0.11 - 1.0 ha,2012,24
Yukon,Up to 0.1 ha,2012,27
Yukon,1000.1 - 10 000 ha,2011,9
Yukon,10 000.1 - 100 000 ha,2011,1
Yukon,100.1 - 1 000 ha,2011,6
Yukon,10.1 - 100 ha,2011,5
Yukon,1.1 - 10 ha,2011,8
Yukon,0.11 - 1.0 ha,2011,10
Yukon,Up to 0.1 ha,2011,17
Yukon,1000.1 - 10 000 ha,2010,9
Yukon,10 000.1 - 100 000 ha,2010,5
Yukon,100.1 - 1 000 ha,2010,11
Yukon,10.1 - 100 ha,2010,6
Yukon,1.1 - 10 ha,2010,8
Yukon,0.11 - 1.0 ha,2010,15
Yukon,Up to 0.1 ha,2010,35
Yukon,1000.1 - 10 000 ha,2009,10
Yukon,10 000.1 - 100 000 ha,2009,6
Yukon,100.1 - 1 000 ha,2009,20
Yukon,10.1 - 100 ha,2009,15
Yukon,1.1 - 10 ha,2009,10
Yukon,0.11 - 1.0 ha,2009,18
Yukon,Up to 0.1 ha,2009,39
Yukon,1000.1 - 10 000 ha,2008,5
Yukon,100.1 - 1 000 ha,2008,10
Yukon,10.1 - 100 ha,2008,13
Yukon,1.1 - 10 ha,2008,12
Yukon,0.11 - 1.0 ha,2008,10
Yukon,Up to 0.1 ha,2008,26
Yukon,1000.1 - 10 000 ha,2007,6
Yukon,10 000.1 - 100 000 ha,2007,1
Yukon,100.1 - 1 000 ha,2007,16
Yukon,10.1 - 100 ha,2007,17
Yukon,1.1 - 10 ha,2007,20
Yukon,0.11 - 1.0 ha,2007,27
Yukon,Up to 0.1 ha,2007,24
Yukon,1000.1 - 10 000 ha,2006,8
Yukon,10 000.1 - 100 000 ha,2006,3
Yukon,100.1 - 1 000 ha,2006,7
Yukon,10.1 - 100 ha,2006,8
Yukon,1.1 - 10 ha,2006,8
Yukon,0.11 - 1.0 ha,2006,17
Yukon,Up to 0.1 ha,2006,29
Yukon,1000.1 - 10 000 ha,2005,7
Yukon,10 000.1 - 100 000 ha,2005,4
Yukon,100.1 - 1 000 ha,2005,2
Yukon,10.1 - 100 ha,2005,6
Yukon,1.1 - 10 ha,2005,9
Yukon,0.11 - 1.0 ha,2005,11
Yukon,Up to 0.1 ha,2005,44
Yukon,Over 100 000 ha,2004,3
Yukon,1000.1 - 10 000 ha,2004,66
Yukon,10 000.1 - 100 000 ha,2004,46
Yukon,100.1 - 1 000 ha,2004,30
Yukon,10.1 - 100 ha,2004,28
Yukon,1.1 - 10 ha,2004,16
Yukon,0.11 - 1.0 ha,2004,32
Yukon,Up to 0.1 ha,2004,61
Yukon,1000.1 - 10 000 ha,2003,10
Yukon,100.1 - 1 000 ha,2003,8
Yukon,10.1 - 100 ha,2003,9
Yukon,1.1 - 10 ha,2003,3
Yukon,0.11 - 1.0 ha,2003,13
Yukon,Up to 0.1 ha,2003,34
Yukon,1000.1 - 10 000 ha,2002,3
Yukon,10 000.1 - 100 000 ha,2002,1
Yukon,100.1 - 1 000 ha,2002,3
Yukon,10.1 - 100 ha,2002,5
Yukon,1.1 - 10 ha,2002,9
Yukon,0.11 - 1.0 ha,2002,20
Yukon,Up to 0.1 ha,2002,29
Yukon,1000.1 - 10 000 ha,2001,1
Yukon,10 000.1 - 100 000 ha,2001,1
Yukon,100.1 - 1 000 ha,2001,2
Yukon,10.1 - 100 ha,2001,10
Yukon,1.1 - 10 ha,2001,14
Yukon,0.11 - 1.0 ha,2001,19
Yukon,Up to 0.1 ha,2001,21
Yukon,1000.1 - 10 000 ha,2000,1
Yukon,100.1 - 1 000 ha,2000,6
Yukon,10.1 - 100 ha,2000,2
Yukon,1.1 - 10 ha,2000,11
Yukon,0.11 - 1.0 ha,2000,7
Yukon,Up to 0.1 ha,2000,28
Yukon,1000.1 - 10 000 ha,1999,21
Yukon,10 000.1 - 100 000 ha,1999,5
Yukon,100.1 - 1 000 ha,1999,15
Yukon,10.1 - 100 ha,1999,13
Yukon,1.1 - 10 ha,1999,21
Yukon,0.11 - 1.0 ha,1999,37
Yukon,Up to 0.1 ha,1999,47
Yukon,1000.1 - 10 000 ha,1998,17
Yukon,10 000.1 - 100 000 ha,1998,9
Yukon,100.1 - 1 000 ha,1998,10
Yukon,10.1 - 100 ha,1998,20
Yukon,1.1 - 10 ha,1998,18
Yukon,0.11 - 1.0 ha,1998,47
Yukon,Up to 0.1 ha,1998,77
Yukon,1000.1 - 10 000 ha,1997,3
Yukon,100.1 - 1 000 ha,1997,5
Yukon,10.1 - 100 ha,1997,3
Yukon,1.1 - 10 ha,1997,18
Yukon,0.11 - 1.0 ha,1997,19
Yukon,Up to 0.1 ha,1997,64
Yukon,1000.1 - 10 000 ha,1996,5
Yukon,10 000.1 - 100 000 ha,1996,4
Yukon,100.1 - 1 000 ha,1996,17
Yukon,10.1 - 100 ha,1996,13
Yukon,1.1 - 10 ha,1996,18
Yukon,0.11 - 1.0 ha,1996,39
Yukon,Up to 0.1 ha,1996,53
Yukon,1000.1 - 10 000 ha,1995,13
Yukon,10 000.1 - 100 000 ha,1995,6
Yukon,100.1 - 1 000 ha,1995,11
Yukon,10.1 - 100 ha,1995,12
Yukon,1.1 - 10 ha,1995,17
Yukon,0.11 - 1.0 ha,1995,25
Yukon,Up to 0.1 ha,1995,64
Yukon,1000.1 - 10 000 ha,1994,36
Yukon,10 000.1 - 100 000 ha,1994,15
Yukon,100.1 - 1 000 ha,1994,22
Yukon,10.1 - 100 ha,1994,23
Yukon,1.1 - 10 ha,1994,42
Yukon,0.11 - 1.0 ha,1994,38
Yukon,Up to 0.1 ha,1994,79
Yukon,1000.1 - 10 000 ha,1993,11
Yukon,10 000.1 - 100 000 ha,1993,2
Yukon,100.1 - 1 000 ha,1993,12
Yukon,10.1 - 100 ha,1993,11
Yukon,1.1 - 10 ha,1993,26
Yukon,0.11 - 1.0 ha,1993,22
Yukon,Up to 0.1 ha,1993,52
Yukon,1000.1 - 10 000 ha,1992,5
Yukon,10 000.1 - 100 000 ha,1992,1
Yukon,100.1 - 1 000 ha,1992,5
Yukon,10.1 - 100 ha,1992,12
Yukon,1.1 - 10 ha,1992,6
Yukon,0.11 - 1.0 ha,1992,27
Yukon,Up to 0.1 ha,1992,60
Yukon,1000.1 - 10 000 ha,1991,22
Yukon,10 000.1 - 100 000 ha,1991,3
Yukon,100.1 - 1 000 ha,1991,21
Yukon,10.1 - 100 ha,1991,17
Yukon,1.1 - 10 ha,1991,33
Yukon,0.11 - 1.0 ha,1991,37
Yukon,Up to 0.1 ha,1991,54
Yukon,1000.1 - 10 000 ha,1990,5
Yukon,10 000.1 - 100 000 ha,1990,6
Yukon,100.1 - 1 000 ha,1990,12
Yukon,10.1 - 100 ha,1990,12
Yukon,1.1 - 10 ha,1990,24
Yukon,0.11 - 1.0 ha,1990,34
Yukon,Up to 0.1 ha,1990,61
